warning_type,tier,tier_weight,file,line,column,message,compile_unit,loc_file
unused_variable,B,1,bia_behres.f,12,44,Unused variable 'iloglen' declared at (1) [-Wunused-variable],bia_behres.f,bia_behres.f
unused_variable,B,1,bia_johnson.f,5,18,Unused variable 'ispc' declared at (1) [-Wunused-variable],bia_johnson.f,bia_johnson.f
unused_variable,B,1,bia_johnson.f,6,40,Unused variable 'loglength' declared at (1) [-Wunused-variable],bia_johnson.f,bia_johnson.f
unused_variable,B,1,bia_johnson.f,7,17,Unused variable 'mincufttop' declared at (1) [-Wunused-variable],bia_johnson.f,bia_johnson.f
unused_variable,B,1,bia_johnson.f,7,27,Unused variable 'strvoleq' declared at (1) [-Wunused-variable],bia_johnson.f,bia_johnson.f
unused_variable,B,1,blmtap.f,15,48,Unused variable 'profileht' declared at (1) [-Wunused-variable],blmtap.f,blmtap.f
unused_variable,B,1,blmtap.f,277,53,Unused variable 'dbhib' declared at (1) [-Wunused-variable],blmtap.f,blmtap.f
type_conversion,A,3,blmvol.f,726,13,Possible change of value in conversion from REAL(4) to INTEGER(4) at (1) [-Wconversion],blmvol.f,blmvol.f
unused_dummy_argument,B,1,blmvol.f,648,50,Unused dummy argument 'tlh' at (1) [-Wunused-dummy-argument],blmvol.f,blmvol.f
unused_variable,B,1,blmvol.f,31,49,Unused variable 'itaper' declared at (1) [-Wunused-variable],blmvol.f,blmvol.f
unused_variable,B,1,blmvol.f,30,60,Unused variable 'lcnt' declared at (1) [-Wunused-variable],blmvol.f,blmvol.f
unused_variable,B,1,brown.f,71,24,Unused variable 'prop' declared at (1) [-Wunused-variable],brown.f,brown.f
unused_variable,B,1,brown.f,865,25,Unused variable 'lcw' declared at (1) [-Wunused-variable],brown.f,brown.f
type_conversion,A,3,calcbiomass.f,451,16,Possible change of value in conversion from REAL(4) to INTEGER(4) at (1) [-Wconversion],calcbiomass.f,calcbiomass.f
large_stack_array,C,0,wdbkwtdata.inc,19,27,"Array 'wdbkwt' at (1) is larger than limit set by '-fmax-stack-var-size=', moved from stack to static storage. This makes the procedure unsafe when called recursively, or concurrently from multiple threads. Consider increasing the '-fmax-stack-var-size=' limit (or use '-frecursive', which implies unlimited '-fmax-stack-var-size') - or change the code to use an ALLOCATABLE array. If the variable is never accessed concurrently, this warning can be ignored, and the variable could also be declared with the SAVE attribute. [-Wsurprising]",calcbiomass.f,wdbkwtdata.inc
unused_variable,B,1,calcbiomass.f,60,43,Unused variable 'biounit' declared at (1) [-Wunused-variable],calcbiomass.f,calcbiomass.f
unused_variable,B,1,calcbiomass.f,61,26,Unused variable 'diatype' declared at (1) [-Wunused-variable],calcbiomass.f,calcbiomass.f
unused_variable,B,1,calcbiomass.f,60,26,Unused variable 'diaunit' declared at (1) [-Wunused-variable],calcbiomass.f,calcbiomass.f
unused_variable,B,1,calcbiomass.f,65,21,Unused variable 'eqform' declared at (1) [-Wunused-variable],calcbiomass.f,calcbiomass.f
unused_variable,B,1,calcbiomass.f,62,39,Unused variable 'ft2cm' declared at (1) [-Wunused-variable],calcbiomass.f,calcbiomass.f
unused_variable,B,1,calcbiomass.f,62,33,Unused variable 'ft2m' declared at (1) [-Wunused-variable],calcbiomass.f,calcbiomass.f
unused_variable,B,1,calcbiomass.f,62,50,Unused variable 'g2lb' declared at (1) [-Wunused-variable],calcbiomass.f,calcbiomass.f
unused_variable,B,1,calcbiomass.f,61,34,Unused variable 'httype' declared at (1) [-Wunused-variable],calcbiomass.f,calcbiomass.f
unused_variable,B,1,calcbiomass.f,60,34,Unused variable 'htunit' declared at (1) [-Wunused-variable],calcbiomass.f,calcbiomass.f
unused_variable,B,1,calcbiomass.f,62,17,Unused variable 'in2cm' declared at (1) [-Wunused-variable],calcbiomass.f,calcbiomass.f
unused_variable,B,1,calcbiomass.f,62,28,Unused variable 'in2m' declared at (1) [-Wunused-variable],calcbiomass.f,calcbiomass.f
unused_variable,B,1,calcbiomass.f,62,23,Unused variable 'in2mm' declared at (1) [-Wunused-variable],calcbiomass.f,calcbiomass.f
unused_variable,B,1,calcbiomass.f,65,43,Unused variable 'isint' declared at (1) [-Wunused-variable],calcbiomass.f,calcbiomass.f
unused_variable,B,1,calcbiomass.f,62,45,Unused variable 'kg2lb' declared at (1) [-Wunused-variable],calcbiomass.f,calcbiomass.f
unused_variable,B,1,calcbiomass.f,65,37,Unused variable 'len' declared at (1) [-Wunused-variable],calcbiomass.f,calcbiomass.f
unused_variable,B,1,calcbiomass.f,63,22,Unused variable 'mc' declared at (1) [-Wunused-variable],calcbiomass.f,calcbiomass.f
unused_variable,B,1,calcbiomass.f,62,56,Unused variable 'mg2lb' declared at (1) [-Wunused-variable],calcbiomass.f,calcbiomass.f
unused_variable,B,1,calcbiomass.f,63,18,Unused variable 'sg' declared at (1) [-Wunused-variable],calcbiomass.f,calcbiomass.f
unused_variable,B,1,calcbiomass.f,59,34,Unused variable 'spec' declared at (1) [-Wunused-variable],calcbiomass.f,calcbiomass.f
large_stack_array,C,0,bioeqcoef.inc,4,27,"Array 'beqcoef' at (1) is larger than limit set by '-fmax-stack-var-size=', moved from stack to static storage. This makes the procedure unsafe when called recursively, or concurrently from multiple threads. Consider increasing the '-fmax-stack-var-size=' limit (or use '-frecursive', which implies unlimited '-fmax-stack-var-size') - or change the code to use an ALLOCATABLE array. If the variable is never accessed concurrently, this warning can be ignored, and the variable could also be declared with the SAVE attribute. [-Wsurprising]",calcbiomass.f,bioeqcoef.inc
large_stack_array,C,0,bioeqinfo.inc,10,33,"Array 'biomseq' at (1) is larger than limit set by '-fmax-stack-var-size=', moved from stack to static storage. This makes the procedure unsafe when called recursively, or concurrently from multiple threads. Consider increasing the '-fmax-stack-var-size=' limit (or use '-frecursive', which implies unlimited '-fmax-stack-var-size') - or change the code to use an ALLOCATABLE array. If the variable is never accessed concurrently, this warning can be ignored, and the variable could also be declared with the SAVE attribute. [-Wsurprising]",calcbiomass.f,bioeqinfo.inc
unused_variable,B,1,calcbiomass.f,367,21,Unused variable 'mc' declared at (1) [-Wunused-variable],calcbiomass.f,calcbiomass.f
unused_variable,B,1,calcbiomass.f,367,17,Unused variable 'sg' declared at (1) [-Wunused-variable],calcbiomass.f,calcbiomass.f
unused_variable,B,1,calcbiomass.f,363,19,Unused variable 'stems' declared at (1) [-Wunused-variable],calcbiomass.f,calcbiomass.f
unused_variable,B,1,calcbiomass.f,495,39,Unused variable 'nvelbeq' declared at (1) [-Wunused-variable],calcbiomass.f,calcbiomass.f
unused_variable,B,1,calcbiomass.f,546,34,Unused variable 'bioeq' declared at (1) [-Wunused-variable],calcbiomass.f,calcbiomass.f
tab_character,B,1,calcdia.f,232,13,Nonconforming tab character at (1) [-Wtabs],calcdia.f,calcdia.f
tab_character,B,1,calcdia.f,233,13,Nonconforming tab character at (1) [-Wtabs],calcdia.f,calcdia.f
tab_character,B,1,calcdia.f,238,16,Nonconforming tab character at (1) [-Wtabs],calcdia.f,calcdia.f
tab_character,B,1,calcdia.f,284,13,Nonconforming tab character at (1) [-Wtabs],calcdia.f,calcdia.f
tab_character,B,1,calcdia.f,285,13,Nonconforming tab character at (1) [-Wtabs],calcdia.f,calcdia.f
tab_character,B,1,calcdia.f,290,16,Nonconforming tab character at (1) [-Wtabs],calcdia.f,calcdia.f
unused_variable,B,1,calcdia.f,53,21,Unused variable 'ba' declared at (1) [-Wunused-variable],calcdia.f,calcdia.f
unused_dummy_argument,B,1,calcdia.f,45,15,Unused dummy argument 'drcob' at (1) [-Wunused-dummy-argument],calcdia.f,calcdia.f
unused_dummy_argument,B,1,calcdia.f,44,30,Unused dummy argument 'regn' at (1) [-Wunused-dummy-argument],calcdia.f,calcdia.f
unused_variable,B,1,calcdia.f,53,24,Unused variable 'si' declared at (1) [-Wunused-variable],calcdia.f,calcdia.f
unused_variable,B,1,calcdia.f,340,25,Unused variable 'brk_upa2' declared at (1) [-Wunused-variable],calcdia.f,calcdia.f
unused_variable,B,1,calcdia.f,333,41,Unused variable 'f' declared at (1) [-Wunused-variable],calcdia.f,calcdia.f
unused_variable,B,1,calcdia.f,340,16,Unused variable 'ratio' declared at (1) [-Wunused-variable],calcdia.f,calcdia.f
unused_variable,B,1,calcdia.f,333,28,Unused variable 'rflw' declared at (1) [-Wunused-variable],calcdia.f,calcdia.f
unused_variable,B,1,calcdia.f,333,20,Unused variable 'rhfw' declared at (1) [-Wunused-variable],calcdia.f,calcdia.f
unused_variable,B,1,calcdia.f,333,39,Unused variable 'tapcoe' declared at (1) [-Wunused-variable],calcdia.f,calcdia.f
uninitialized,A,3,calcdia.f,477,17,'btr' may be used uninitialized [-Wmaybe-uninitialized],calcdia.f,calcdia.f
large_stack_array,C,0,wdbkwtdata.inc,19,27,"Array 'wdbkwt' at (1) is larger than limit set by '-fmax-stack-var-size=', moved from stack to static storage. This makes the procedure unsafe when called recursively, or concurrently from multiple threads. Consider increasing the '-fmax-stack-var-size=' limit (or use '-frecursive', which implies unlimited '-fmax-stack-var-size') - or change the code to use an ALLOCATABLE array. If the variable is never accessed concurrently, this warning can be ignored, and the variable could also be declared with the SAVE attribute. [-Wsurprising]",crzbiomass.f,wdbkwtdata.inc
unused_variable,B,1,crzbiomass.f,14,41,Unused variable 'natlwf' declared at (1) [-Wunused-variable],crzbiomass.f,crzbiomass.f
large_stack_array,C,0,wdbkwtdata.inc,19,27,"Array 'wdbkwt' at (1) is larger than limit set by '-fmax-stack-var-size=', moved from stack to static storage. This makes the procedure unsafe when called recursively, or concurrently from multiple threads. Consider increasing the '-fmax-stack-var-size=' limit (or use '-frecursive', which implies unlimited '-fmax-stack-var-size') - or change the code to use an ALLOCATABLE array. If the variable is never accessed concurrently, this warning can be ignored, and the variable could also be declared with the SAVE attribute. [-Wsurprising]",crzbiomass.f,wdbkwtdata.inc
large_stack_array,C,0,wdbkwtdata.inc,19,27,"Array 'wdbkwt' at (1) is larger than limit set by '-fmax-stack-var-size=', moved from stack to static storage. This makes the procedure unsafe when called recursively, or concurrently from multiple threads. Consider increasing the '-fmax-stack-var-size=' limit (or use '-frecursive', which implies unlimited '-fmax-stack-var-size') - or change the code to use an ALLOCATABLE array. If the variable is never accessed concurrently, this warning can be ignored, and the variable could also be declared with the SAVE attribute. [-Wsurprising]",crzbiomass.f,wdbkwtdata.inc
unused_variable,B,1,crzbiomass.f,222,33,Unused variable 'den' declared at (1) [-Wunused-variable],crzbiomass.f,crzbiomass.f
unused_variable,B,1,crzbiomass.f,224,16,Unused variable 'drcp' declared at (1) [-Wunused-variable],crzbiomass.f,crzbiomass.f
unused_variable,B,1,crzbiomass.f,224,22,Unused variable 'drcq' declared at (1) [-Wunused-variable],crzbiomass.f,crzbiomass.f
unused_dummy_argument,B,1,crzbiomass.f,214,25,Unused dummy argument 'errflg' at (1) [-Wunused-dummy-argument],crzbiomass.f,crzbiomass.f
unused_variable,B,1,crzbiomass.f,216,54,Unused variable 'length' declared at (1) [-Wunused-variable],crzbiomass.f,crzbiomass.f
unused_variable,B,1,crzbiomass.f,221,21,Unused variable 'merchstem' declared at (1) [-Wunused-variable],crzbiomass.f,crzbiomass.f
unused_variable,B,1,crzbiomass.f,223,24,Unused variable 'pied' declared at (1) [-Wunused-variable],crzbiomass.f,crzbiomass.f
unused_variable,B,1,crzbiomass.f,223,30,Unused variable 'quga' declared at (1) [-Wunused-variable],crzbiomass.f,crzbiomass.f
unused_variable,B,1,crzbiomass.f,223,18,Unused variable 'stm' declared at (1) [-Wunused-variable],crzbiomass.f,crzbiomass.f
unused_variable,B,1,crzbiomass.f,222,43,Unused variable 'stumpdry' declared at (1) [-Wunused-variable],crzbiomass.f,crzbiomass.f
unused_variable,B,1,crzbiomass.f,222,53,Unused variable 'stumpgrn' declared at (1) [-Wunused-variable],crzbiomass.f,crzbiomass.f
type_conversion,A,3,doyal78.f,57,14,Possible change of value in conversion from REAL(4) to INTEGER(4) at (1) [-Wconversion],doyal78.f,doyal78.f
unused_dummy_argument,B,1,dvest.f,8,63,Unused dummy argument 'htlog' at (1) [-Wunused-dummy-argument],dvest.f,dvest.f
type_conversion,A,3,f_alaska.f,113,16,Possible change of value in conversion from REAL(8) to REAL(4) at (1) [-Wconversion],f_alaska.f,f_alaska.f
type_conversion,A,3,f_alaska.f,114,14,Possible change of value in conversion from REAL(8) to REAL(4) at (1) [-Wconversion],f_alaska.f,f_alaska.f
type_conversion,A,3,f_alaska.f,163,10,Possible change of value in conversion from REAL(8) to REAL(4) at (1) [-Wconversion],f_alaska.f,f_alaska.f
type_conversion,A,3,f_alaska.f,164,10,Possible change of value in conversion from REAL(8) to REAL(4) at (1) [-Wconversion],f_alaska.f,f_alaska.f
type_conversion,A,3,f_alaska.f,165,10,Possible change of value in conversion from REAL(8) to REAL(4) at (1) [-Wconversion],f_alaska.f,f_alaska.f
type_conversion,A,3,f_alaska.f,166,10,Possible change of value in conversion from REAL(8) to REAL(4) at (1) [-Wconversion],f_alaska.f,f_alaska.f
type_conversion,A,3,f_alaska.f,168,14,Possible change of value in conversion from REAL(8) to REAL(4) at (1) [-Wconversion],f_alaska.f,f_alaska.f
type_conversion,A,3,f_alaska.f,172,9,Possible change of value in conversion from REAL(8) to REAL(4) at (1) [-Wconversion],f_alaska.f,f_alaska.f
type_conversion,A,3,f_alaska.f,173,14,Possible change of value in conversion from REAL(8) to REAL(4) at (1) [-Wconversion],f_alaska.f,f_alaska.f
type_conversion,A,3,f_alaska.f,175,15,Possible change of value in conversion from REAL(8) to REAL(4) at (1) [-Wconversion],f_alaska.f,f_alaska.f
type_conversion,A,3,f_alaska.f,181,10,Possible change of value in conversion from REAL(8) to REAL(4) at (1) [-Wconversion],f_alaska.f,f_alaska.f
type_conversion,A,3,f_alaska.f,286,15,Possible change of value in conversion from REAL(8) to REAL(4) at (1) [-Wconversion],f_alaska.f,f_alaska.f
type_conversion,A,3,f_alaska.f,372,13,Possible change of value in conversion from REAL(8) to REAL(4) at (1) [-Wconversion],f_alaska.f,f_alaska.f
type_conversion,A,3,f_alaska.f,373,13,Possible change of value in conversion from REAL(8) to REAL(4) at (1) [-Wconversion],f_alaska.f,f_alaska.f
type_conversion,A,3,f_alaska.f,374,13,Possible change of value in conversion from REAL(8) to REAL(4) at (1) [-Wconversion],f_alaska.f,f_alaska.f
type_conversion,A,3,f_alaska.f,375,13,Possible change of value in conversion from REAL(8) to REAL(4) at (1) [-Wconversion],f_alaska.f,f_alaska.f
type_conversion,A,3,f_alaska.f,376,13,Possible change of value in conversion from REAL(8) to REAL(4) at (1) [-Wconversion],f_alaska.f,f_alaska.f
type_conversion,A,3,f_alaska.f,377,13,Possible change of value in conversion from REAL(8) to REAL(4) at (1) [-Wconversion],f_alaska.f,f_alaska.f
type_conversion,A,3,f_alaska.f,379,12,Possible change of value in conversion from REAL(8) to REAL(4) at (1) [-Wconversion],f_alaska.f,f_alaska.f
type_conversion,A,3,f_alaska.f,380,12,Possible change of value in conversion from REAL(8) to REAL(4) at (1) [-Wconversion],f_alaska.f,f_alaska.f
type_conversion,A,3,f_alaska.f,381,12,Possible change of value in conversion from REAL(8) to REAL(4) at (1) [-Wconversion],f_alaska.f,f_alaska.f
type_conversion,A,3,f_alaska.f,383,13,Possible change of value in conversion from REAL(8) to REAL(4) at (1) [-Wconversion],f_alaska.f,f_alaska.f
type_conversion,A,3,f_alaska.f,384,13,Possible change of value in conversion from REAL(8) to REAL(4) at (1) [-Wconversion],f_alaska.f,f_alaska.f
type_conversion,A,3,f_alaska.f,385,13,Possible change of value in conversion from REAL(8) to REAL(4) at (1) [-Wconversion],f_alaska.f,f_alaska.f
type_conversion,A,3,f_alaska.f,386,13,Possible change of value in conversion from REAL(8) to REAL(4) at (1) [-Wconversion],f_alaska.f,f_alaska.f
type_conversion,A,3,f_alaska.f,387,13,Possible change of value in conversion from REAL(8) to REAL(4) at (1) [-Wconversion],f_alaska.f,f_alaska.f
type_conversion,A,3,f_alaska.f,388,13,Possible change of value in conversion from REAL(8) to REAL(4) at (1) [-Wconversion],f_alaska.f,f_alaska.f
type_conversion,A,3,f_alaska.f,389,13,Possible change of value in conversion from REAL(8) to REAL(4) at (1) [-Wconversion],f_alaska.f,f_alaska.f
type_conversion,A,3,f_alaska.f,393,16,Possible change of value in conversion from REAL(8) to REAL(4) at (1) [-Wconversion],f_alaska.f,f_alaska.f
unused_dummy_argument,B,1,f_alaska.f,462,33,Unused dummy argument 'setopt' at (1) [-Wunused-dummy-argument],f_alaska.f,f_alaska.f
type_conversion,A,3,f_ingy.f,409,10,Possible change of value in conversion from REAL(8) to REAL(4) at (1) [-Wconversion],f_ingy.f,f_ingy.f
type_conversion,A,3,f_ingy.f,410,10,Possible change of value in conversion from REAL(8) to REAL(4) at (1) [-Wconversion],f_ingy.f,f_ingy.f
type_conversion,A,3,f_ingy.f,411,10,Possible change of value in conversion from REAL(8) to REAL(4) at (1) [-Wconversion],f_ingy.f,f_ingy.f
type_conversion,A,3,f_ingy.f,412,10,Possible change of value in conversion from REAL(8) to REAL(4) at (1) [-Wconversion],f_ingy.f,f_ingy.f
type_conversion,A,3,f_ingy.f,414,14,Possible change of value in conversion from REAL(8) to REAL(4) at (1) [-Wconversion],f_ingy.f,f_ingy.f
type_conversion,A,3,f_ingy.f,419,9,Possible change of value in conversion from REAL(8) to REAL(4) at (1) [-Wconversion],f_ingy.f,f_ingy.f
type_conversion,A,3,f_ingy.f,420,14,Possible change of value in conversion from REAL(8) to REAL(4) at (1) [-Wconversion],f_ingy.f,f_ingy.f
type_conversion,A,3,f_ingy.f,423,15,Possible change of value in conversion from REAL(8) to REAL(4) at (1) [-Wconversion],f_ingy.f,f_ingy.f
type_conversion,A,3,f_ingy.f,430,10,Possible change of value in conversion from REAL(8) to REAL(4) at (1) [-Wconversion],f_ingy.f,f_ingy.f
type_conversion,A,3,f_ingy.f,577,15,Possible change of value in conversion from REAL(8) to REAL(4) at (1) [-Wconversion],f_ingy.f,f_ingy.f
type_conversion,A,3,f_ingy.f,807,23,Possible change of value in conversion from REAL(8) to REAL(4) at (1) [-Wconversion],f_ingy.f,f_ingy.f
type_conversion,A,3,f_ingy.f,812,34,Possible change of value in conversion from REAL(8) to REAL(4) at (1) [-Wconversion],f_ingy.f,f_ingy.f
type_conversion,A,3,f_ingy.f,835,23,Possible change of value in conversion from REAL(8) to REAL(4) at (1) [-Wconversion],f_ingy.f,f_ingy.f
type_conversion,A,3,f_ingy.f,841,33,Possible change of value in conversion from REAL(8) to REAL(4) at (1) [-Wconversion],f_ingy.f,f_ingy.f
type_conversion,A,3,f_other.f,86,19,Possible change of value in conversion from REAL(8) to REAL(4) at (1) [-Wconversion],f_other.f,f_other.f
type_conversion,A,3,f_other.f,95,23,Possible change of value in conversion from REAL(8) to REAL(4) at (1) [-Wconversion],f_other.f,f_other.f
type_conversion,A,3,f_other.f,105,19,Possible change of value in conversion from REAL(8) to REAL(4) at (1) [-Wconversion],f_other.f,f_other.f
type_conversion,A,3,f_other.f,113,23,Possible change of value in conversion from REAL(8) to REAL(4) at (1) [-Wconversion],f_other.f,f_other.f
type_conversion,A,3,f_other.f,117,23,Possible change of value in conversion from REAL(8) to REAL(4) at (1) [-Wconversion],f_other.f,f_other.f
type_conversion,A,3,f_other.f,120,23,Possible change of value in conversion from REAL(8) to REAL(4) at (1) [-Wconversion],f_other.f,f_other.f
type_conversion,A,3,f_other.f,123,23,Possible change of value in conversion from REAL(8) to REAL(4) at (1) [-Wconversion],f_other.f,f_other.f
type_conversion,A,3,f_other.f,126,23,Possible change of value in conversion from REAL(8) to REAL(4) at (1) [-Wconversion],f_other.f,f_other.f
type_conversion,A,3,f_other.f,158,12,Possible change of value in conversion from REAL(8) to REAL(4) at (1) [-Wconversion],f_other.f,f_other.f
type_conversion,A,3,f_other.f,356,10,Possible change of value in conversion from REAL(8) to REAL(4) at (1) [-Wconversion],f_other.f,f_other.f
type_conversion,A,3,f_other.f,357,10,Possible change of value in conversion from REAL(8) to REAL(4) at (1) [-Wconversion],f_other.f,f_other.f
type_conversion,A,3,f_other.f,358,10,Possible change of value in conversion from REAL(8) to REAL(4) at (1) [-Wconversion],f_other.f,f_other.f
type_conversion,A,3,f_other.f,359,10,Possible change of value in conversion from REAL(8) to REAL(4) at (1) [-Wconversion],f_other.f,f_other.f
type_conversion,A,3,f_other.f,361,14,Possible change of value in conversion from REAL(8) to REAL(4) at (1) [-Wconversion],f_other.f,f_other.f
type_conversion,A,3,f_other.f,366,9,Possible change of value in conversion from REAL(8) to REAL(4) at (1) [-Wconversion],f_other.f,f_other.f
type_conversion,A,3,f_other.f,367,14,Possible change of value in conversion from REAL(8) to REAL(4) at (1) [-Wconversion],f_other.f,f_other.f
type_conversion,A,3,f_other.f,370,15,Possible change of value in conversion from REAL(8) to REAL(4) at (1) [-Wconversion],f_other.f,f_other.f
type_conversion,A,3,f_other.f,377,10,Possible change of value in conversion from REAL(8) to REAL(4) at (1) [-Wconversion],f_other.f,f_other.f
type_conversion,A,3,f_other.f,477,14,Possible change of value in conversion from REAL(8) to REAL(4) at (1) [-Wconversion],f_other.f,f_other.f
type_conversion,A,3,f_other.f,486,16,Possible change of value in conversion from REAL(8) to REAL(4) at (1) [-Wconversion],f_other.f,f_other.f
type_conversion,A,3,f_other.f,495,12,Possible change of value in conversion from REAL(8) to REAL(4) at (1) [-Wconversion],f_other.f,f_other.f
type_conversion,A,3,f_other.f,613,13,Possible change of value in conversion from REAL(8) to REAL(4) at (1) [-Wconversion],f_other.f,f_other.f
type_conversion,A,3,f_other.f,614,13,Possible change of value in conversion from REAL(8) to REAL(4) at (1) [-Wconversion],f_other.f,f_other.f
type_conversion,A,3,f_other.f,615,13,Possible change of value in conversion from REAL(8) to REAL(4) at (1) [-Wconversion],f_other.f,f_other.f
type_conversion,A,3,f_other.f,616,13,Possible change of value in conversion from REAL(8) to REAL(4) at (1) [-Wconversion],f_other.f,f_other.f
type_conversion,A,3,f_other.f,617,13,Possible change of value in conversion from REAL(8) to REAL(4) at (1) [-Wconversion],f_other.f,f_other.f
type_conversion,A,3,f_other.f,618,13,Possible change of value in conversion from REAL(8) to REAL(4) at (1) [-Wconversion],f_other.f,f_other.f
type_conversion,A,3,f_other.f,620,13,Possible change of value in conversion from REAL(8) to REAL(4) at (1) [-Wconversion],f_other.f,f_other.f
type_conversion,A,3,f_other.f,621,13,Possible change of value in conversion from REAL(8) to REAL(4) at (1) [-Wconversion],f_other.f,f_other.f
type_conversion,A,3,f_other.f,622,13,Possible change of value in conversion from REAL(8) to REAL(4) at (1) [-Wconversion],f_other.f,f_other.f
type_conversion,A,3,f_other.f,624,13,Possible change of value in conversion from REAL(8) to REAL(4) at (1) [-Wconversion],f_other.f,f_other.f
type_conversion,A,3,f_other.f,625,13,Possible change of value in conversion from REAL(8) to REAL(4) at (1) [-Wconversion],f_other.f,f_other.f
type_conversion,A,3,f_other.f,626,13,Possible change of value in conversion from REAL(8) to REAL(4) at (1) [-Wconversion],f_other.f,f_other.f
type_conversion,A,3,f_other.f,627,13,Possible change of value in conversion from REAL(8) to REAL(4) at (1) [-Wconversion],f_other.f,f_other.f
type_conversion,A,3,f_other.f,628,13,Possible change of value in conversion from REAL(8) to REAL(4) at (1) [-Wconversion],f_other.f,f_other.f
type_conversion,A,3,f_other.f,629,13,Possible change of value in conversion from REAL(8) to REAL(4) at (1) [-Wconversion],f_other.f,f_other.f
type_conversion,A,3,f_other.f,630,13,Possible change of value in conversion from REAL(8) to REAL(4) at (1) [-Wconversion],f_other.f,f_other.f
type_conversion,A,3,f_other.f,638,13,Possible change of value in conversion from REAL(8) to REAL(4) at (1) [-Wconversion],f_other.f,f_other.f
type_conversion,A,3,f_other.f,641,13,Possible change of value in conversion from REAL(8) to REAL(4) at (1) [-Wconversion],f_other.f,f_other.f
type_conversion,A,3,f_other.f,749,12,Possible change of value in conversion from REAL(8) to REAL(4) at (1) [-Wconversion],f_other.f,f_other.f
type_conversion,A,3,f_other.f,750,12,Possible change of value in conversion from REAL(8) to REAL(4) at (1) [-Wconversion],f_other.f,f_other.f
type_conversion,A,3,f_other.f,751,12,Possible change of value in conversion from REAL(8) to REAL(4) at (1) [-Wconversion],f_other.f,f_other.f
type_conversion,A,3,f_other.f,752,12,Possible change of value in conversion from REAL(8) to REAL(4) at (1) [-Wconversion],f_other.f,f_other.f
type_conversion,A,3,f_other.f,753,12,Possible change of value in conversion from REAL(8) to REAL(4) at (1) [-Wconversion],f_other.f,f_other.f
type_conversion,A,3,f_other.f,757,11,Possible change of value in conversion from REAL(8) to REAL(4) at (1) [-Wconversion],f_other.f,f_other.f
type_conversion,A,3,f_other.f,758,14,Possible change of value in conversion from REAL(8) to REAL(4) at (1) [-Wconversion],f_other.f,f_other.f
type_conversion,A,3,f_other.f,762,16,Possible change of value in conversion from REAL(8) to REAL(4) at (1) [-Wconversion],f_other.f,f_other.f
type_conversion,A,3,f_other.f,764,12,Possible change of value in conversion from REAL(8) to REAL(4) at (1) [-Wconversion],f_other.f,f_other.f
type_conversion,A,3,f_other.f,825,19,Possible change of value in conversion from REAL(8) to REAL(4) at (1) [-Wconversion],f_other.f,f_other.f
type_conversion,A,3,f_other.f,835,18,Possible change of value in conversion from REAL(8) to REAL(4) at (1) [-Wconversion],f_other.f,f_other.f
type_conversion,A,3,f_other.f,848,16,Possible change of value in conversion from REAL(8) to REAL(4) at (1) [-Wconversion],f_other.f,f_other.f
type_conversion,A,3,f_other.f,876,19,Possible change of value in conversion from REAL(8) to REAL(4) at (1) [-Wconversion],f_other.f,f_other.f
type_conversion,A,3,f_other.f,882,19,Possible change of value in conversion from REAL(8) to REAL(4) at (1) [-Wconversion],f_other.f,f_other.f
type_conversion,A,3,f_west.f,59,35,Change of value in conversion from 'REAL(8)' to 'REAL(4)' at (1) [-Wconversion],f_west.f,f_west.f
type_conversion,A,3,f_west.f,59,45,Change of value in conversion from 'REAL(8)' to 'REAL(4)' at (1) [-Wconversion],f_west.f,f_west.f
type_conversion,A,3,f_west.f,59,55,Change of value in conversion from 'REAL(8)' to 'REAL(4)' at (1) [-Wconversion],f_west.f,f_west.f
type_conversion,A,3,f_west.f,60,24,Change of value in conversion from 'REAL(8)' to 'REAL(4)' at (1) [-Wconversion],f_west.f,f_west.f
type_conversion,A,3,f_west.f,60,34,Change of value in conversion from 'REAL(8)' to 'REAL(4)' at (1) [-Wconversion],f_west.f,f_west.f
type_conversion,A,3,f_west.f,60,44,Change of value in conversion from 'REAL(8)' to 'REAL(4)' at (1) [-Wconversion],f_west.f,f_west.f
type_conversion,A,3,f_west.f,60,54,Change of value in conversion from 'REAL(8)' to 'REAL(4)' at (1) [-Wconversion],f_west.f,f_west.f
type_conversion,A,3,f_west.f,60,64,Change of value in conversion from 'REAL(8)' to 'REAL(4)' at (1) [-Wconversion],f_west.f,f_west.f
type_conversion,A,3,f_west.f,57,38,Change of value in conversion from 'REAL(8)' to 'REAL(4)' at (1) [-Wconversion],f_west.f,f_west.f
type_conversion,A,3,f_west.f,57,49,Change of value in conversion from 'REAL(8)' to 'REAL(4)' at (1) [-Wconversion],f_west.f,f_west.f
type_conversion,A,3,f_west.f,57,60,Change of value in conversion from 'REAL(8)' to 'REAL(4)' at (1) [-Wconversion],f_west.f,f_west.f
type_conversion,A,3,f_west.f,58,24,Change of value in conversion from 'REAL(8)' to 'REAL(4)' at (1) [-Wconversion],f_west.f,f_west.f
type_conversion,A,3,f_west.f,58,35,Change of value in conversion from 'REAL(8)' to 'REAL(4)' at (1) [-Wconversion],f_west.f,f_west.f
type_conversion,A,3,f_west.f,58,46,Change of value in conversion from 'REAL(8)' to 'REAL(4)' at (1) [-Wconversion],f_west.f,f_west.f
type_conversion,A,3,f_west.f,58,57,Change of value in conversion from 'REAL(8)' to 'REAL(4)' at (1) [-Wconversion],f_west.f,f_west.f
type_conversion,A,3,f_west.f,58,68,Change of value in conversion from 'REAL(8)' to 'REAL(4)' at (1) [-Wconversion],f_west.f,f_west.f
type_conversion,A,3,f_west.f,119,10,Possible change of value in conversion from REAL(8) to REAL(4) at (1) [-Wconversion],f_west.f,f_west.f
type_conversion,A,3,f_west.f,120,10,Possible change of value in conversion from REAL(8) to REAL(4) at (1) [-Wconversion],f_west.f,f_west.f
type_conversion,A,3,f_west.f,121,10,Possible change of value in conversion from REAL(8) to REAL(4) at (1) [-Wconversion],f_west.f,f_west.f
type_conversion,A,3,f_west.f,122,10,Possible change of value in conversion from REAL(8) to REAL(4) at (1) [-Wconversion],f_west.f,f_west.f
type_conversion,A,3,f_west.f,123,10,Possible change of value in conversion from REAL(8) to REAL(4) at (1) [-Wconversion],f_west.f,f_west.f
type_conversion,A,3,f_west.f,125,9,Possible change of value in conversion from REAL(8) to REAL(4) at (1) [-Wconversion],f_west.f,f_west.f
type_conversion,A,3,f_west.f,126,14,Possible change of value in conversion from REAL(8) to REAL(4) at (1) [-Wconversion],f_west.f,f_west.f
type_conversion,A,3,f_west.f,129,15,Possible change of value in conversion from REAL(8) to REAL(4) at (1) [-Wconversion],f_west.f,f_west.f
type_conversion,A,3,f_west.f,132,12,Possible change of value in conversion from REAL(8) to REAL(4) at (1) [-Wconversion],f_west.f,f_west.f
type_conversion,A,3,f_west.f,203,35,Change of value in conversion from 'REAL(8)' to 'REAL(4)' at (1) [-Wconversion],f_west.f,f_west.f
type_conversion,A,3,f_west.f,203,45,Change of value in conversion from 'REAL(8)' to 'REAL(4)' at (1) [-Wconversion],f_west.f,f_west.f
type_conversion,A,3,f_west.f,203,55,Change of value in conversion from 'REAL(8)' to 'REAL(4)' at (1) [-Wconversion],f_west.f,f_west.f
type_conversion,A,3,f_west.f,204,28,Change of value in conversion from 'REAL(8)' to 'REAL(4)' at (1) [-Wconversion],f_west.f,f_west.f
type_conversion,A,3,f_west.f,204,38,Change of value in conversion from 'REAL(8)' to 'REAL(4)' at (1) [-Wconversion],f_west.f,f_west.f
type_conversion,A,3,f_west.f,204,48,Change of value in conversion from 'REAL(8)' to 'REAL(4)' at (1) [-Wconversion],f_west.f,f_west.f
type_conversion,A,3,f_west.f,204,58,Change of value in conversion from 'REAL(8)' to 'REAL(4)' at (1) [-Wconversion],f_west.f,f_west.f
type_conversion,A,3,f_west.f,204,68,Change of value in conversion from 'REAL(8)' to 'REAL(4)' at (1) [-Wconversion],f_west.f,f_west.f
type_conversion,A,3,f_west.f,201,36,Change of value in conversion from 'REAL(8)' to 'REAL(4)' at (1) [-Wconversion],f_west.f,f_west.f
type_conversion,A,3,f_west.f,201,46,Change of value in conversion from 'REAL(8)' to 'REAL(4)' at (1) [-Wconversion],f_west.f,f_west.f
type_conversion,A,3,f_west.f,201,56,Change of value in conversion from 'REAL(8)' to 'REAL(4)' at (1) [-Wconversion],f_west.f,f_west.f
type_conversion,A,3,f_west.f,202,28,Change of value in conversion from 'REAL(8)' to 'REAL(4)' at (1) [-Wconversion],f_west.f,f_west.f
type_conversion,A,3,f_west.f,202,38,Change of value in conversion from 'REAL(8)' to 'REAL(4)' at (1) [-Wconversion],f_west.f,f_west.f
type_conversion,A,3,f_west.f,202,48,Change of value in conversion from 'REAL(8)' to 'REAL(4)' at (1) [-Wconversion],f_west.f,f_west.f
type_conversion,A,3,f_west.f,202,58,Change of value in conversion from 'REAL(8)' to 'REAL(4)' at (1) [-Wconversion],f_west.f,f_west.f
type_conversion,A,3,f_west.f,202,68,Change of value in conversion from 'REAL(8)' to 'REAL(4)' at (1) [-Wconversion],f_west.f,f_west.f
type_conversion,A,3,f_west.f,226,14,Possible change of value in conversion from REAL(8) to REAL(4) at (1) [-Wconversion],f_west.f,f_west.f
type_conversion,A,3,f_west.f,271,10,Possible change of value in conversion from REAL(8) to REAL(4) at (1) [-Wconversion],f_west.f,f_west.f
type_conversion,A,3,f_west.f,272,10,Possible change of value in conversion from REAL(8) to REAL(4) at (1) [-Wconversion],f_west.f,f_west.f
type_conversion,A,3,f_west.f,273,10,Possible change of value in conversion from REAL(8) to REAL(4) at (1) [-Wconversion],f_west.f,f_west.f
type_conversion,A,3,f_west.f,274,10,Possible change of value in conversion from REAL(8) to REAL(4) at (1) [-Wconversion],f_west.f,f_west.f
type_conversion,A,3,f_west.f,275,10,Possible change of value in conversion from REAL(8) to REAL(4) at (1) [-Wconversion],f_west.f,f_west.f
type_conversion,A,3,f_west.f,277,9,Possible change of value in conversion from REAL(8) to REAL(4) at (1) [-Wconversion],f_west.f,f_west.f
type_conversion,A,3,f_west.f,279,15,Possible change of value in conversion from REAL(8) to REAL(4) at (1) [-Wconversion],f_west.f,f_west.f
type_conversion,A,3,f_west.f,282,12,Possible change of value in conversion from REAL(8) to REAL(4) at (1) [-Wconversion],f_west.f,f_west.f
type_conversion,A,3,f_west.f,347,14,Possible change of value in conversion from REAL(8) to REAL(4) at (1) [-Wconversion],f_west.f,f_west.f
type_conversion,A,3,f_west.f,390,10,Possible change of value in conversion from REAL(8) to REAL(4) at (1) [-Wconversion],f_west.f,f_west.f
type_conversion,A,3,f_west.f,391,10,Possible change of value in conversion from REAL(8) to REAL(4) at (1) [-Wconversion],f_west.f,f_west.f
type_conversion,A,3,f_west.f,392,10,Possible change of value in conversion from REAL(8) to REAL(4) at (1) [-Wconversion],f_west.f,f_west.f
type_conversion,A,3,f_west.f,393,10,Possible change of value in conversion from REAL(8) to REAL(4) at (1) [-Wconversion],f_west.f,f_west.f
type_conversion,A,3,f_west.f,394,10,Possible change of value in conversion from REAL(8) to REAL(4) at (1) [-Wconversion],f_west.f,f_west.f
type_conversion,A,3,f_west.f,396,9,Possible change of value in conversion from REAL(8) to REAL(4) at (1) [-Wconversion],f_west.f,f_west.f
type_conversion,A,3,f_west.f,398,15,Possible change of value in conversion from REAL(8) to REAL(4) at (1) [-Wconversion],f_west.f,f_west.f
type_conversion,A,3,f_west.f,401,12,Possible change of value in conversion from REAL(8) to REAL(4) at (1) [-Wconversion],f_west.f,f_west.f
type_conversion,A,3,f_west.f,472,14,Possible change of value in conversion from REAL(8) to REAL(4) at (1) [-Wconversion],f_west.f,f_west.f
type_conversion,A,3,f_west.f,481,16,Possible change of value in conversion from REAL(8) to REAL(4) at (1) [-Wconversion],f_west.f,f_west.f
type_conversion,A,3,f_west.f,620,11,Possible change of value in conversion from REAL(8) to REAL(4) at (1) [-Wconversion],f_west.f,f_west.f
type_conversion,A,3,f_west.f,646,16,Possible change of value in conversion from REAL(8) to REAL(4) at (1) [-Wconversion],f_west.f,f_west.f
type_conversion,A,3,f_west.f,742,11,Possible change of value in conversion from REAL(8) to REAL(4) at (1) [-Wconversion],f_west.f,f_west.f
type_conversion,A,3,f_west.f,765,16,Possible change of value in conversion from REAL(8) to REAL(4) at (1) [-Wconversion],f_west.f,f_west.f
type_conversion,A,3,f_west.f,860,11,Possible change of value in conversion from REAL(8) to REAL(4) at (1) [-Wconversion],f_west.f,f_west.f
type_conversion,A,3,f_west.f,883,16,Possible change of value in conversion from REAL(8) to REAL(4) at (1) [-Wconversion],f_west.f,f_west.f
unused_label,B,1,f_west.f,941,4,Label 50 at (1) defined but not used [-Wunused-label],f_west.f,f_west.f
unused_label,B,1,f_west.f,926,4,Label 40 at (1) defined but not used [-Wunused-label],f_west.f,f_west.f
unused_dummy_argument,B,1,f_west.f,303,42,Unused dummy argument 'geosub' at (1) [-Wunused-dummy-argument],f_west.f,f_west.f
uninitialized,A,3,f_west.f,874,10,'bh' may be used uninitialized [-Wmaybe-uninitialized],f_west.f,f_west.f
uninitialized,A,3,f_west.f,756,10,'bh' may be used uninitialized [-Wmaybe-uninitialized],f_west.f,f_west.f
uninitialized,A,3,f_west.f,964,72,'__result_fdbt_c1' may be used uninitialized [-Wmaybe-uninitialized],f_west.f,f_west.f
deleted_feature,B,1,fia_ak_vol.for,327,20,Deleted feature: End expression in DO loop at (1) must be integer,fia_ak_vol.for,fia_ak_vol.for
unused_dummy_argument,B,1,fia_ak_vol.for,182,13,Unused dummy argument 'errflg' at (1) [-Wunused-dummy-argument],fia_ak_vol.for,fia_ak_vol.for
unused_variable,B,1,fia_ak_vol.for,185,26,Unused variable 'i' declared at (1) [-Wunused-variable],fia_ak_vol.for,fia_ak_vol.for
unused_variable,B,1,fia_ak_vol.for,185,28,Unused variable 'j' declared at (1) [-Wunused-variable],fia_ak_vol.for,fia_ak_vol.for
unused_variable,B,1,fia_ak_vol.for,186,18,Unused variable 'sv6' declared at (1) [-Wunused-variable],fia_ak_vol.for,fia_ak_vol.for
unused_variable,B,1,fia_ak_vol.for,576,51,Unused variable 'dib' declared at (1) [-Wunused-variable],fia_ak_vol.for,fia_ak_vol.for
unused_variable,B,1,fia_ak_vol.for,576,18,Unused variable 'xll' declared at (1) [-Wunused-variable],fia_ak_vol.for,fia_ak_vol.for
unused_dummy_argument,B,1,fia_ak_vol.for,14,13,Unused dummy argument 'errflg' at (1) [-Wunused-dummy-argument],fia_ak_vol.for,fia_ak_vol.for
unused_variable,B,1,fia_ak_vol.for,17,26,Unused variable 'i' declared at (1) [-Wunused-variable],fia_ak_vol.for,fia_ak_vol.for
unused_variable,B,1,fia_ak_vol.for,17,28,Unused variable 'j' declared at (1) [-Wunused-variable],fia_ak_vol.for,fia_ak_vol.for
unused_variable,B,1,fia_ak_vol.for,372,17,Unused variable 'spn' declared at (1) [-Wunused-variable],fia_ak_vol.for,fia_ak_vol.for
uninitialized,A,3,fia_ak_vol.for,642,72,'stump' may be used uninitialized [-Wmaybe-uninitialized],fia_ak_vol.for,fia_ak_vol.for
unused_variable,B,1,fia_east_vol.for,17,31,Unused variable 'sawcu' declared at (1) [-Wunused-variable],fia_east_vol.for,fia_east_vol.for
tab_character,B,1,fia_kemp_vol.for,79,12,Nonconforming tab character at (1) [-Wtabs],fia_kemp_vol.for,fia_kemp_vol.for
tab_character,B,1,fia_kemp_vol.for,80,12,Nonconforming tab character at (1) [-Wtabs],fia_kemp_vol.for,fia_kemp_vol.for
tab_character,B,1,fia_kemp_vol.for,81,12,Nonconforming tab character at (1) [-Wtabs],fia_kemp_vol.for,fia_kemp_vol.for
tab_character,B,1,fia_kemp_vol.for,82,12,Nonconforming tab character at (1) [-Wtabs],fia_kemp_vol.for,fia_kemp_vol.for
tab_character,B,1,fia_kemp_vol.for,83,13,Nonconforming tab character at (1) [-Wtabs],fia_kemp_vol.for,fia_kemp_vol.for
tab_character,B,1,fia_kemp_vol.for,84,13,Nonconforming tab character at (1) [-Wtabs],fia_kemp_vol.for,fia_kemp_vol.for
tab_character,B,1,fia_kemp_vol.for,85,13,Nonconforming tab character at (1) [-Wtabs],fia_kemp_vol.for,fia_kemp_vol.for
tab_character,B,1,fia_kemp_vol.for,86,13,Nonconforming tab character at (1) [-Wtabs],fia_kemp_vol.for,fia_kemp_vol.for
tab_character,B,1,fia_kemp_vol.for,87,13,Nonconforming tab character at (1) [-Wtabs],fia_kemp_vol.for,fia_kemp_vol.for
tab_character,B,1,fia_kemp_vol.for,88,13,Nonconforming tab character at (1) [-Wtabs],fia_kemp_vol.for,fia_kemp_vol.for
tab_character,B,1,fia_kemp_vol.for,89,13,Nonconforming tab character at (1) [-Wtabs],fia_kemp_vol.for,fia_kemp_vol.for
tab_character,B,1,fia_kemp_vol.for,90,13,Nonconforming tab character at (1) [-Wtabs],fia_kemp_vol.for,fia_kemp_vol.for
tab_character,B,1,fia_kemp_vol.for,193,12,Nonconforming tab character at (1) [-Wtabs],fia_kemp_vol.for,fia_kemp_vol.for
tab_character,B,1,fia_kemp_vol.for,194,12,Nonconforming tab character at (1) [-Wtabs],fia_kemp_vol.for,fia_kemp_vol.for
tab_character,B,1,fia_kemp_vol.for,195,12,Nonconforming tab character at (1) [-Wtabs],fia_kemp_vol.for,fia_kemp_vol.for
tab_character,B,1,fia_kemp_vol.for,196,12,Nonconforming tab character at (1) [-Wtabs],fia_kemp_vol.for,fia_kemp_vol.for
tab_character,B,1,fia_kemp_vol.for,197,13,Nonconforming tab character at (1) [-Wtabs],fia_kemp_vol.for,fia_kemp_vol.for
tab_character,B,1,fia_kemp_vol.for,198,13,Nonconforming tab character at (1) [-Wtabs],fia_kemp_vol.for,fia_kemp_vol.for
tab_character,B,1,fia_kemp_vol.for,199,13,Nonconforming tab character at (1) [-Wtabs],fia_kemp_vol.for,fia_kemp_vol.for
tab_character,B,1,fia_kemp_vol.for,200,13,Nonconforming tab character at (1) [-Wtabs],fia_kemp_vol.for,fia_kemp_vol.for
tab_character,B,1,fia_kemp_vol.for,201,13,Nonconforming tab character at (1) [-Wtabs],fia_kemp_vol.for,fia_kemp_vol.for
tab_character,B,1,fia_kemp_vol.for,202,13,Nonconforming tab character at (1) [-Wtabs],fia_kemp_vol.for,fia_kemp_vol.for
tab_character,B,1,fia_kemp_vol.for,203,13,Nonconforming tab character at (1) [-Wtabs],fia_kemp_vol.for,fia_kemp_vol.for
tab_character,B,1,fia_kemp_vol.for,204,13,Nonconforming tab character at (1) [-Wtabs],fia_kemp_vol.for,fia_kemp_vol.for
unused_dummy_argument,B,1,fia_nc.f,1,41,Unused dummy argument 'httot' at (1) [-Wunused-dummy-argument],fia_nc.f,fia_nc.f
unused_variable,B,1,fia_nc.f,6,56,Unused variable 'stems' declared at (1) [-Wunused-variable],fia_nc.f,fia_nc.f
tab_character,B,1,fia_nc_vol.for,56,13,Nonconforming tab character at (1) [-Wtabs],fia_nc_vol.for,fia_nc_vol.for
tab_character,B,1,fia_nc_vol.for,57,13,Nonconforming tab character at (1) [-Wtabs],fia_nc_vol.for,fia_nc_vol.for
tab_character,B,1,fia_nc_vol.for,58,13,Nonconforming tab character at (1) [-Wtabs],fia_nc_vol.for,fia_nc_vol.for
tab_character,B,1,fia_nc_vol.for,59,13,Nonconforming tab character at (1) [-Wtabs],fia_nc_vol.for,fia_nc_vol.for
tab_character,B,1,fia_nc_vol.for,60,13,Nonconforming tab character at (1) [-Wtabs],fia_nc_vol.for,fia_nc_vol.for
tab_character,B,1,fia_nc_vol.for,61,13,Nonconforming tab character at (1) [-Wtabs],fia_nc_vol.for,fia_nc_vol.for
tab_character,B,1,fia_nc_vol.for,62,13,Nonconforming tab character at (1) [-Wtabs],fia_nc_vol.for,fia_nc_vol.for
tab_character,B,1,fia_nc_vol.for,63,13,Nonconforming tab character at (1) [-Wtabs],fia_nc_vol.for,fia_nc_vol.for
tab_character,B,1,fia_nc_vol.for,64,13,Nonconforming tab character at (1) [-Wtabs],fia_nc_vol.for,fia_nc_vol.for
tab_character,B,1,fia_nc_vol.for,65,13,Nonconforming tab character at (1) [-Wtabs],fia_nc_vol.for,fia_nc_vol.for
tab_character,B,1,fia_nc_vol.for,66,13,Nonconforming tab character at (1) [-Wtabs],fia_nc_vol.for,fia_nc_vol.for
tab_character,B,1,fia_nc_vol.for,67,13,Nonconforming tab character at (1) [-Wtabs],fia_nc_vol.for,fia_nc_vol.for
tab_character,B,1,fia_nc_vol.for,68,13,Nonconforming tab character at (1) [-Wtabs],fia_nc_vol.for,fia_nc_vol.for
tab_character,B,1,fia_nc_vol.for,69,13,Nonconforming tab character at (1) [-Wtabs],fia_nc_vol.for,fia_nc_vol.for
tab_character,B,1,fia_nc_vol.for,70,13,Nonconforming tab character at (1) [-Wtabs],fia_nc_vol.for,fia_nc_vol.for
tab_character,B,1,fia_nc_vol.for,71,13,Nonconforming tab character at (1) [-Wtabs],fia_nc_vol.for,fia_nc_vol.for
tab_character,B,1,fia_nc_vol.for,72,13,Nonconforming tab character at (1) [-Wtabs],fia_nc_vol.for,fia_nc_vol.for
tab_character,B,1,fia_nc_vol.for,73,13,Nonconforming tab character at (1) [-Wtabs],fia_nc_vol.for,fia_nc_vol.for
tab_character,B,1,fia_nc_vol.for,74,13,Nonconforming tab character at (1) [-Wtabs],fia_nc_vol.for,fia_nc_vol.for
tab_character,B,1,fia_nc_vol.for,75,13,Nonconforming tab character at (1) [-Wtabs],fia_nc_vol.for,fia_nc_vol.for
tab_character,B,1,fia_nc_vol.for,76,13,Nonconforming tab character at (1) [-Wtabs],fia_nc_vol.for,fia_nc_vol.for
tab_character,B,1,fia_nc_vol.for,77,13,Nonconforming tab character at (1) [-Wtabs],fia_nc_vol.for,fia_nc_vol.for
tab_character,B,1,fia_nc_vol.for,78,13,Nonconforming tab character at (1) [-Wtabs],fia_nc_vol.for,fia_nc_vol.for
tab_character,B,1,fia_nc_vol.for,79,13,Nonconforming tab character at (1) [-Wtabs],fia_nc_vol.for,fia_nc_vol.for
tab_character,B,1,fia_nc_vol.for,80,13,Nonconforming tab character at (1) [-Wtabs],fia_nc_vol.for,fia_nc_vol.for
unused_dummy_argument,B,1,fia_nc_vol.for,349,49,Unused dummy argument 'errflag' at (1) [-Wunused-dummy-argument],fia_nc_vol.for,fia_nc_vol.for
unused_variable,B,1,fia_nc_vol.for,352,37,Unused variable 'half' declared at (1) [-Wunused-variable],fia_nc_vol.for,fia_nc_vol.for
unused_variable,B,1,fia_nc_vol.for,352,21,Unused variable 'loc' declared at (1) [-Wunused-variable],fia_nc_vol.for,fia_nc_vol.for
unused_variable,B,1,fia_nc_vol.for,169,26,Unused variable 'httot' declared at (1) [-Wunused-variable],fia_nc_vol.for,fia_nc_vol.for
unused_dummy_argument,B,1,fia_ne.f,1,41,Unused dummy argument 'httot' at (1) [-Wunused-dummy-argument],fia_ne.f,fia_ne.f
unused_dummy_argument,B,1,fia_ne.f,1,46,Unused dummy argument 'vol' at (1) [-Wunused-dummy-argument],fia_ne.f,fia_ne.f
unused_dummy_argument,B,1,fia_ne_vol.for,15,44,Unused dummy argument 'httot' at (1) [-Wunused-dummy-argument],fia_ne_vol.for,fia_ne_vol.for
unused_variable,B,1,fia_nw.f,229,42,Unused variable 'first' declared at (1) [-Wunused-variable],fia_nw.f,fia_nw.f
unused_variable,B,1,fia_nw.f,230,32,Unused variable 'mstmbrk' declared at (1) [-Wunused-variable],fia_nw.f,fia_nw.f
unused_dummy_argument,B,1,fia_nw_tarif.for,723,37,Unused dummy argument 'errflg' at (1) [-Wunused-dummy-argument],fia_nw_tarif.for,fia_nw_tarif.for
unused_variable,B,1,fia_nw_tarif.for,727,31,Unused variable 'loglen' declared at (1) [-Wunused-variable],fia_nw_tarif.for,fia_nw_tarif.for
unused_variable,B,1,fia_nw_tarif.for,728,48,Unused variable 'sv32' declared at (1) [-Wunused-variable],fia_nw_tarif.for,fia_nw_tarif.for
unused_variable,B,1,fia_nw_tarif.for,641,24,Unused variable 'cvtype' declared at (1) [-Wunused-variable],fia_nw_tarif.for,fia_nw_tarif.for
unused_variable,B,1,fia_nw_tarif.for,105,31,Unused variable 'loglen' declared at (1) [-Wunused-variable],fia_nw_tarif.for,fia_nw_tarif.for
unused_variable,B,1,fia_nw_tarif.for,227,26,Unused variable 'i' declared at (1) [-Wunused-variable],fia_nw_tarif.for,fia_nw_tarif.for
unused_variable,B,1,fia_nw_tarif.for,227,32,Unused variable 'idx' declared at (1) [-Wunused-variable],fia_nw_tarif.for,fia_nw_tarif.for
unused_variable,B,1,fia_nw_tarif.for,227,28,Unused variable 'j' declared at (1) [-Wunused-variable],fia_nw_tarif.for,fia_nw_tarif.for
unused_variable,B,1,fia_nw_tarif.for,227,17,Unused variable 'spn' declared at (1) [-Wunused-variable],fia_nw_tarif.for,fia_nw_tarif.for
unused_dummy_argument,B,1,fia_nw_tarif.for,561,60,Unused dummy argument 'bfmind' at (1) [-Wunused-dummy-argument],fia_nw_tarif.for,fia_nw_tarif.for
unused_variable,B,1,fia_nw_tarif.for,602,41,Unused variable 'dbh' declared at (1) [-Wunused-variable],fia_nw_tarif.for,fia_nw_tarif.for
unused_variable,B,1,fia_nw_tarif.for,602,44,Unused variable 'ht' declared at (1) [-Wunused-variable],fia_nw_tarif.for,fia_nw_tarif.for
unused_variable,B,1,fia_nw_tarif.for,604,17,Unused variable 'spn' declared at (1) [-Wunused-variable],fia_nw_tarif.for,fia_nw_tarif.for
unused_variable,B,1,fia_nw_tarif.for,683,52,Unused variable 'cv4' declared at (1) [-Wunused-variable],fia_nw_tarif.for,fia_nw_tarif.for
unused_variable,B,1,fia_nw_tarif.for,684,24,Unused variable 'cvtype' declared at (1) [-Wunused-variable],fia_nw_tarif.for,fia_nw_tarif.for
unused_variable,B,1,fia_pi.f,6,40,Unused variable 'wden' declared at (1) [-Wunused-variable],fia_pi.f,fia_pi.f
unused_dummy_argument,B,1,fia_pi_vol.for,11,32,Unused dummy argument 'dia' at (1) [-Wunused-dummy-argument],fia_pi_vol.for,fia_pi_vol.for
unused_variable,B,1,fia_pi_vol.for,12,22,Unused variable 'upd' declared at (1) [-Wunused-variable],fia_pi_vol.for,fia_pi_vol.for
unused_variable,B,1,fia_pi_vol.for,276,43,Unused variable 'cv4' declared at (1) [-Wunused-variable],fia_pi_vol.for,fia_pi_vol.for
unused_variable,B,1,fia_pi_vol.for,276,39,Unused variable 'cvts' declared at (1) [-Wunused-variable],fia_pi_vol.for,fia_pi_vol.for
unused_variable,B,1,fia_pi_vol.for,275,58,Unused variable 'dia_centroid' declared at (1) [-Wunused-variable],fia_pi_vol.for,fia_pi_vol.for
unused_variable,B,1,fia_pi_vol.for,276,25,Unused variable 'dia_top' declared at (1) [-Wunused-variable],fia_pi_vol.for,fia_pi_vol.for
unused_variable,B,1,fia_pi_vol.for,275,36,Unused variable 'dia_upper' declared at (1) [-Wunused-variable],fia_pi_vol.for,fia_pi_vol.for
unused_variable,B,1,fia_pi_vol.for,275,26,Unused variable 'ht_break' declared at (1) [-Wunused-variable],fia_pi_vol.for,fia_pi_vol.for
unused_variable,B,1,fia_pi_vol.for,275,70,Unused variable 'ht_centroid' declared at (1) [-Wunused-variable],fia_pi_vol.for,fia_pi_vol.for
unused_variable,B,1,fia_pi_vol.for,276,17,Unused variable 'ht_dbh' declared at (1) [-Wunused-variable],fia_pi_vol.for,fia_pi_vol.for
unused_variable,B,1,fia_pi_vol.for,276,34,Unused variable 'ht_stump' declared at (1) [-Wunused-variable],fia_pi_vol.for,fia_pi_vol.for
unused_variable,B,1,fia_pi_vol.for,275,45,Unused variable 'ht_upper' declared at (1) [-Wunused-variable],fia_pi_vol.for,fia_pi_vol.for
uninitialized,A,3,fia_pi_vol.for,139,72,'taper_angel' may be used uninitialized [-Wmaybe-uninitialized],fia_pi_vol.for,fia_pi_vol.for
uninitialized,A,3,fia_pi_vol.for,152,72,'dia_top' may be used uninitialized [-Wmaybe-uninitialized],fia_pi_vol.for,fia_pi_vol.for
unused_variable,B,1,fia_pnw266.for,51,34,Unused variable 'd2h' declared at (1) [-Wunused-variable],fia_pnw266.for,fia_pnw266.for
unused_dummy_argument,B,1,fia_pnw266.for,47,47,Unused dummy argument 'mtopp' at (1) [-Wunused-dummy-argument],fia_pnw266.for,fia_pnw266.for
unused_variable,B,1,fia_pnw266.for,134,24,Unused variable 'spn' declared at (1) [-Wunused-variable],fia_pnw266.for,fia_pnw266.for
unused_variable,B,1,fia_rm.f,161,35,Unused variable 'done' declared at (1) [-Wunused-variable],fia_rm.f,fia_rm.f
unused_variable,B,1,fia_rm.f,161,43,Unused variable 'errflg' declared at (1) [-Wunused-variable],fia_rm.f,fia_rm.f
unused_variable,B,1,fia_rm.f,161,29,Unused variable 'last' declared at (1) [-Wunused-variable],fia_rm.f,fia_rm.f
unused_variable,B,1,fia_rm.f,204,72,Unused variable 'wt_bra_m' declared at (1) [-Wunused-variable],fia_rm.f,fia_rm.f
unused_variable,B,1,fia_se_vol.for,18,31,Unused variable 'sawcu' declared at (1) [-Wunused-variable],fia_se_vol.for,fia_se_vol.for
type_conversion,A,3,fia_vol_r1.for,116,14,Possible change of value in conversion from REAL(4) to INTEGER(4) at (1) [-Wconversion],fia_vol_r1.for,fia_vol_r1.for
unused_variable,B,1,fia_vol_r1.for,23,19,Unused variable 'cvt' declared at (1) [-Wunused-variable],fia_vol_r1.for,fia_vol_r1.for
unused_variable,B,1,fia_vol_r234.for,100,71,Unused variable 'htup' declared at (1) [-Wunused-variable],fia_vol_r234.for,fia_vol_r234.for
tab_character,B,1,fia_vol_r5610.for,70,12,Nonconforming tab character at (1) [-Wtabs],fia_vol_r5610.for,fia_vol_r5610.for
tab_character,B,1,fia_vol_r5610.for,71,12,Nonconforming tab character at (1) [-Wtabs],fia_vol_r5610.for,fia_vol_r5610.for
tab_character,B,1,fia_vol_r5610.for,72,12,Nonconforming tab character at (1) [-Wtabs],fia_vol_r5610.for,fia_vol_r5610.for
tab_character,B,1,fia_vol_r5610.for,73,13,Nonconforming tab character at (1) [-Wtabs],fia_vol_r5610.for,fia_vol_r5610.for
tab_character,B,1,fia_vol_r5610.for,74,13,Nonconforming tab character at (1) [-Wtabs],fia_vol_r5610.for,fia_vol_r5610.for
tab_character,B,1,fia_vol_r5610.for,75,13,Nonconforming tab character at (1) [-Wtabs],fia_vol_r5610.for,fia_vol_r5610.for
tab_character,B,1,fia_vol_r5610.for,76,13,Nonconforming tab character at (1) [-Wtabs],fia_vol_r5610.for,fia_vol_r5610.for
tab_character,B,1,fia_vol_r5610.for,77,13,Nonconforming tab character at (1) [-Wtabs],fia_vol_r5610.for,fia_vol_r5610.for
tab_character,B,1,fia_vol_r5610.for,80,12,Nonconforming tab character at (1) [-Wtabs],fia_vol_r5610.for,fia_vol_r5610.for
tab_character,B,1,fia_vol_r5610.for,81,12,Nonconforming tab character at (1) [-Wtabs],fia_vol_r5610.for,fia_vol_r5610.for
tab_character,B,1,fia_vol_r5610.for,82,12,Nonconforming tab character at (1) [-Wtabs],fia_vol_r5610.for,fia_vol_r5610.for
tab_character,B,1,fia_vol_r5610.for,83,13,Nonconforming tab character at (1) [-Wtabs],fia_vol_r5610.for,fia_vol_r5610.for
tab_character,B,1,fia_vol_r5610.for,84,13,Nonconforming tab character at (1) [-Wtabs],fia_vol_r5610.for,fia_vol_r5610.for
tab_character,B,1,fia_vol_r5610.for,85,13,Nonconforming tab character at (1) [-Wtabs],fia_vol_r5610.for,fia_vol_r5610.for
tab_character,B,1,fia_vol_r5610.for,86,13,Nonconforming tab character at (1) [-Wtabs],fia_vol_r5610.for,fia_vol_r5610.for
tab_character,B,1,fia_vol_r5610.for,87,13,Nonconforming tab character at (1) [-Wtabs],fia_vol_r5610.for,fia_vol_r5610.for
tab_character,B,1,fia_vol_r5610.for,90,12,Nonconforming tab character at (1) [-Wtabs],fia_vol_r5610.for,fia_vol_r5610.for
tab_character,B,1,fia_vol_r5610.for,91,12,Nonconforming tab character at (1) [-Wtabs],fia_vol_r5610.for,fia_vol_r5610.for
tab_character,B,1,fia_vol_r5610.for,92,12,Nonconforming tab character at (1) [-Wtabs],fia_vol_r5610.for,fia_vol_r5610.for
tab_character,B,1,fia_vol_r5610.for,93,13,Nonconforming tab character at (1) [-Wtabs],fia_vol_r5610.for,fia_vol_r5610.for
tab_character,B,1,fia_vol_r5610.for,94,13,Nonconforming tab character at (1) [-Wtabs],fia_vol_r5610.for,fia_vol_r5610.for
tab_character,B,1,fia_vol_r5610.for,95,13,Nonconforming tab character at (1) [-Wtabs],fia_vol_r5610.for,fia_vol_r5610.for
tab_character,B,1,fia_vol_r5610.for,96,13,Nonconforming tab character at (1) [-Wtabs],fia_vol_r5610.for,fia_vol_r5610.for
tab_character,B,1,fia_vol_r5610.for,97,13,Nonconforming tab character at (1) [-Wtabs],fia_vol_r5610.for,fia_vol_r5610.for
tab_character,B,1,fia_vol_r5610.for,100,12,Nonconforming tab character at (1) [-Wtabs],fia_vol_r5610.for,fia_vol_r5610.for
tab_character,B,1,fia_vol_r5610.for,101,12,Nonconforming tab character at (1) [-Wtabs],fia_vol_r5610.for,fia_vol_r5610.for
tab_character,B,1,fia_vol_r5610.for,102,12,Nonconforming tab character at (1) [-Wtabs],fia_vol_r5610.for,fia_vol_r5610.for
tab_character,B,1,fia_vol_r5610.for,103,13,Nonconforming tab character at (1) [-Wtabs],fia_vol_r5610.for,fia_vol_r5610.for
tab_character,B,1,fia_vol_r5610.for,104,13,Nonconforming tab character at (1) [-Wtabs],fia_vol_r5610.for,fia_vol_r5610.for
tab_character,B,1,fia_vol_r5610.for,105,13,Nonconforming tab character at (1) [-Wtabs],fia_vol_r5610.for,fia_vol_r5610.for
tab_character,B,1,fia_vol_r5610.for,106,13,Nonconforming tab character at (1) [-Wtabs],fia_vol_r5610.for,fia_vol_r5610.for
tab_character,B,1,fia_vol_r5610.for,107,13,Nonconforming tab character at (1) [-Wtabs],fia_vol_r5610.for,fia_vol_r5610.for
tab_character,B,1,fia_vol_r5610.for,110,12,Nonconforming tab character at (1) [-Wtabs],fia_vol_r5610.for,fia_vol_r5610.for
tab_character,B,1,fia_vol_r5610.for,111,12,Nonconforming tab character at (1) [-Wtabs],fia_vol_r5610.for,fia_vol_r5610.for
tab_character,B,1,fia_vol_r5610.for,112,12,Nonconforming tab character at (1) [-Wtabs],fia_vol_r5610.for,fia_vol_r5610.for
tab_character,B,1,fia_vol_r5610.for,113,13,Nonconforming tab character at (1) [-Wtabs],fia_vol_r5610.for,fia_vol_r5610.for
tab_character,B,1,fia_vol_r5610.for,114,13,Nonconforming tab character at (1) [-Wtabs],fia_vol_r5610.for,fia_vol_r5610.for
tab_character,B,1,fia_vol_r5610.for,115,13,Nonconforming tab character at (1) [-Wtabs],fia_vol_r5610.for,fia_vol_r5610.for
tab_character,B,1,fia_vol_r5610.for,116,13,Nonconforming tab character at (1) [-Wtabs],fia_vol_r5610.for,fia_vol_r5610.for
tab_character,B,1,fia_vol_r5610.for,117,13,Nonconforming tab character at (1) [-Wtabs],fia_vol_r5610.for,fia_vol_r5610.for
tab_character,B,1,fia_vol_r5610.for,120,12,Nonconforming tab character at (1) [-Wtabs],fia_vol_r5610.for,fia_vol_r5610.for
tab_character,B,1,fia_vol_r5610.for,121,12,Nonconforming tab character at (1) [-Wtabs],fia_vol_r5610.for,fia_vol_r5610.for
tab_character,B,1,fia_vol_r5610.for,122,12,Nonconforming tab character at (1) [-Wtabs],fia_vol_r5610.for,fia_vol_r5610.for
tab_character,B,1,fia_vol_r5610.for,123,13,Nonconforming tab character at (1) [-Wtabs],fia_vol_r5610.for,fia_vol_r5610.for
tab_character,B,1,fia_vol_r5610.for,124,13,Nonconforming tab character at (1) [-Wtabs],fia_vol_r5610.for,fia_vol_r5610.for
tab_character,B,1,fia_vol_r5610.for,125,13,Nonconforming tab character at (1) [-Wtabs],fia_vol_r5610.for,fia_vol_r5610.for
tab_character,B,1,fia_vol_r5610.for,126,13,Nonconforming tab character at (1) [-Wtabs],fia_vol_r5610.for,fia_vol_r5610.for
tab_character,B,1,fia_vol_r5610.for,127,13,Nonconforming tab character at (1) [-Wtabs],fia_vol_r5610.for,fia_vol_r5610.for
tab_character,B,1,fia_vol_r5610.for,130,12,Nonconforming tab character at (1) [-Wtabs],fia_vol_r5610.for,fia_vol_r5610.for
tab_character,B,1,fia_vol_r5610.for,131,12,Nonconforming tab character at (1) [-Wtabs],fia_vol_r5610.for,fia_vol_r5610.for
tab_character,B,1,fia_vol_r5610.for,132,12,Nonconforming tab character at (1) [-Wtabs],fia_vol_r5610.for,fia_vol_r5610.for
tab_character,B,1,fia_vol_r5610.for,133,13,Nonconforming tab character at (1) [-Wtabs],fia_vol_r5610.for,fia_vol_r5610.for
tab_character,B,1,fia_vol_r5610.for,134,13,Nonconforming tab character at (1) [-Wtabs],fia_vol_r5610.for,fia_vol_r5610.for
tab_character,B,1,fia_vol_r5610.for,135,13,Nonconforming tab character at (1) [-Wtabs],fia_vol_r5610.for,fia_vol_r5610.for
tab_character,B,1,fia_vol_r5610.for,136,13,Nonconforming tab character at (1) [-Wtabs],fia_vol_r5610.for,fia_vol_r5610.for
tab_character,B,1,fia_vol_r5610.for,137,13,Nonconforming tab character at (1) [-Wtabs],fia_vol_r5610.for,fia_vol_r5610.for
tab_character,B,1,fia_vol_r5610.for,140,12,Nonconforming tab character at (1) [-Wtabs],fia_vol_r5610.for,fia_vol_r5610.for
tab_character,B,1,fia_vol_r5610.for,141,12,Nonconforming tab character at (1) [-Wtabs],fia_vol_r5610.for,fia_vol_r5610.for
tab_character,B,1,fia_vol_r5610.for,142,12,Nonconforming tab character at (1) [-Wtabs],fia_vol_r5610.for,fia_vol_r5610.for
tab_character,B,1,fia_vol_r5610.for,143,13,Nonconforming tab character at (1) [-Wtabs],fia_vol_r5610.for,fia_vol_r5610.for
tab_character,B,1,fia_vol_r5610.for,144,13,Nonconforming tab character at (1) [-Wtabs],fia_vol_r5610.for,fia_vol_r5610.for
tab_character,B,1,fia_vol_r5610.for,145,13,Nonconforming tab character at (1) [-Wtabs],fia_vol_r5610.for,fia_vol_r5610.for
tab_character,B,1,fia_vol_r5610.for,146,13,Nonconforming tab character at (1) [-Wtabs],fia_vol_r5610.for,fia_vol_r5610.for
tab_character,B,1,fia_vol_r5610.for,147,13,Nonconforming tab character at (1) [-Wtabs],fia_vol_r5610.for,fia_vol_r5610.for
tab_character,B,1,fia_vol_r5610.for,150,12,Nonconforming tab character at (1) [-Wtabs],fia_vol_r5610.for,fia_vol_r5610.for
tab_character,B,1,fia_vol_r5610.for,151,12,Nonconforming tab character at (1) [-Wtabs],fia_vol_r5610.for,fia_vol_r5610.for
tab_character,B,1,fia_vol_r5610.for,152,12,Nonconforming tab character at (1) [-Wtabs],fia_vol_r5610.for,fia_vol_r5610.for
tab_character,B,1,fia_vol_r5610.for,153,13,Nonconforming tab character at (1) [-Wtabs],fia_vol_r5610.for,fia_vol_r5610.for
tab_character,B,1,fia_vol_r5610.for,154,13,Nonconforming tab character at (1) [-Wtabs],fia_vol_r5610.for,fia_vol_r5610.for
tab_character,B,1,fia_vol_r5610.for,155,13,Nonconforming tab character at (1) [-Wtabs],fia_vol_r5610.for,fia_vol_r5610.for
tab_character,B,1,fia_vol_r5610.for,156,13,Nonconforming tab character at (1) [-Wtabs],fia_vol_r5610.for,fia_vol_r5610.for
tab_character,B,1,fia_vol_r5610.for,157,13,Nonconforming tab character at (1) [-Wtabs],fia_vol_r5610.for,fia_vol_r5610.for
tab_character,B,1,fia_vol_r5610.for,160,12,Nonconforming tab character at (1) [-Wtabs],fia_vol_r5610.for,fia_vol_r5610.for
tab_character,B,1,fia_vol_r5610.for,161,12,Nonconforming tab character at (1) [-Wtabs],fia_vol_r5610.for,fia_vol_r5610.for
tab_character,B,1,fia_vol_r5610.for,162,12,Nonconforming tab character at (1) [-Wtabs],fia_vol_r5610.for,fia_vol_r5610.for
tab_character,B,1,fia_vol_r5610.for,163,13,Nonconforming tab character at (1) [-Wtabs],fia_vol_r5610.for,fia_vol_r5610.for
tab_character,B,1,fia_vol_r5610.for,164,13,Nonconforming tab character at (1) [-Wtabs],fia_vol_r5610.for,fia_vol_r5610.for
tab_character,B,1,fia_vol_r5610.for,165,13,Nonconforming tab character at (1) [-Wtabs],fia_vol_r5610.for,fia_vol_r5610.for
tab_character,B,1,fia_vol_r5610.for,166,13,Nonconforming tab character at (1) [-Wtabs],fia_vol_r5610.for,fia_vol_r5610.for
tab_character,B,1,fia_vol_r5610.for,167,13,Nonconforming tab character at (1) [-Wtabs],fia_vol_r5610.for,fia_vol_r5610.for
tab_character,B,1,fia_vol_r5610.for,170,12,Nonconforming tab character at (1) [-Wtabs],fia_vol_r5610.for,fia_vol_r5610.for
tab_character,B,1,fia_vol_r5610.for,171,12,Nonconforming tab character at (1) [-Wtabs],fia_vol_r5610.for,fia_vol_r5610.for
tab_character,B,1,fia_vol_r5610.for,172,12,Nonconforming tab character at (1) [-Wtabs],fia_vol_r5610.for,fia_vol_r5610.for
tab_character,B,1,fia_vol_r5610.for,173,13,Nonconforming tab character at (1) [-Wtabs],fia_vol_r5610.for,fia_vol_r5610.for
tab_character,B,1,fia_vol_r5610.for,174,13,Nonconforming tab character at (1) [-Wtabs],fia_vol_r5610.for,fia_vol_r5610.for
tab_character,B,1,fia_vol_r5610.for,175,13,Nonconforming tab character at (1) [-Wtabs],fia_vol_r5610.for,fia_vol_r5610.for
tab_character,B,1,fia_vol_r5610.for,176,13,Nonconforming tab character at (1) [-Wtabs],fia_vol_r5610.for,fia_vol_r5610.for
tab_character,B,1,fia_vol_r5610.for,177,13,Nonconforming tab character at (1) [-Wtabs],fia_vol_r5610.for,fia_vol_r5610.for
tab_character,B,1,fia_vol_r5610.for,180,12,Nonconforming tab character at (1) [-Wtabs],fia_vol_r5610.for,fia_vol_r5610.for
tab_character,B,1,fia_vol_r5610.for,181,12,Nonconforming tab character at (1) [-Wtabs],fia_vol_r5610.for,fia_vol_r5610.for
tab_character,B,1,fia_vol_r5610.for,182,12,Nonconforming tab character at (1) [-Wtabs],fia_vol_r5610.for,fia_vol_r5610.for
tab_character,B,1,fia_vol_r5610.for,183,13,Nonconforming tab character at (1) [-Wtabs],fia_vol_r5610.for,fia_vol_r5610.for
tab_character,B,1,fia_vol_r5610.for,184,13,Nonconforming tab character at (1) [-Wtabs],fia_vol_r5610.for,fia_vol_r5610.for
tab_character,B,1,fia_vol_r5610.for,185,13,Nonconforming tab character at (1) [-Wtabs],fia_vol_r5610.for,fia_vol_r5610.for
tab_character,B,1,fia_vol_r5610.for,186,13,Nonconforming tab character at (1) [-Wtabs],fia_vol_r5610.for,fia_vol_r5610.for
tab_character,B,1,fia_vol_r5610.for,187,13,Nonconforming tab character at (1) [-Wtabs],fia_vol_r5610.for,fia_vol_r5610.for
tab_character,B,1,fia_vol_r5610.for,190,12,Nonconforming tab character at (1) [-Wtabs],fia_vol_r5610.for,fia_vol_r5610.for
tab_character,B,1,fia_vol_r5610.for,191,12,Nonconforming tab character at (1) [-Wtabs],fia_vol_r5610.for,fia_vol_r5610.for
tab_character,B,1,fia_vol_r5610.for,192,12,Nonconforming tab character at (1) [-Wtabs],fia_vol_r5610.for,fia_vol_r5610.for
tab_character,B,1,fia_vol_r5610.for,193,13,Nonconforming tab character at (1) [-Wtabs],fia_vol_r5610.for,fia_vol_r5610.for
tab_character,B,1,fia_vol_r5610.for,194,13,Nonconforming tab character at (1) [-Wtabs],fia_vol_r5610.for,fia_vol_r5610.for
tab_character,B,1,fia_vol_r5610.for,195,13,Nonconforming tab character at (1) [-Wtabs],fia_vol_r5610.for,fia_vol_r5610.for
tab_character,B,1,fia_vol_r5610.for,196,13,Nonconforming tab character at (1) [-Wtabs],fia_vol_r5610.for,fia_vol_r5610.for
tab_character,B,1,fia_vol_r5610.for,197,13,Nonconforming tab character at (1) [-Wtabs],fia_vol_r5610.for,fia_vol_r5610.for
tab_character,B,1,fia_vol_r5610.for,200,12,Nonconforming tab character at (1) [-Wtabs],fia_vol_r5610.for,fia_vol_r5610.for
tab_character,B,1,fia_vol_r5610.for,201,12,Nonconforming tab character at (1) [-Wtabs],fia_vol_r5610.for,fia_vol_r5610.for
tab_character,B,1,fia_vol_r5610.for,202,12,Nonconforming tab character at (1) [-Wtabs],fia_vol_r5610.for,fia_vol_r5610.for
tab_character,B,1,fia_vol_r5610.for,203,13,Nonconforming tab character at (1) [-Wtabs],fia_vol_r5610.for,fia_vol_r5610.for
tab_character,B,1,fia_vol_r5610.for,204,13,Nonconforming tab character at (1) [-Wtabs],fia_vol_r5610.for,fia_vol_r5610.for
tab_character,B,1,fia_vol_r5610.for,205,13,Nonconforming tab character at (1) [-Wtabs],fia_vol_r5610.for,fia_vol_r5610.for
tab_character,B,1,fia_vol_r5610.for,206,13,Nonconforming tab character at (1) [-Wtabs],fia_vol_r5610.for,fia_vol_r5610.for
tab_character,B,1,fia_vol_r5610.for,207,13,Nonconforming tab character at (1) [-Wtabs],fia_vol_r5610.for,fia_vol_r5610.for
tab_character,B,1,fia_vol_r5610.for,210,12,Nonconforming tab character at (1) [-Wtabs],fia_vol_r5610.for,fia_vol_r5610.for
tab_character,B,1,fia_vol_r5610.for,211,12,Nonconforming tab character at (1) [-Wtabs],fia_vol_r5610.for,fia_vol_r5610.for
tab_character,B,1,fia_vol_r5610.for,212,12,Nonconforming tab character at (1) [-Wtabs],fia_vol_r5610.for,fia_vol_r5610.for
tab_character,B,1,fia_vol_r5610.for,213,13,Nonconforming tab character at (1) [-Wtabs],fia_vol_r5610.for,fia_vol_r5610.for
tab_character,B,1,fia_vol_r5610.for,214,13,Nonconforming tab character at (1) [-Wtabs],fia_vol_r5610.for,fia_vol_r5610.for
tab_character,B,1,fia_vol_r5610.for,215,13,Nonconforming tab character at (1) [-Wtabs],fia_vol_r5610.for,fia_vol_r5610.for
tab_character,B,1,fia_vol_r5610.for,216,13,Nonconforming tab character at (1) [-Wtabs],fia_vol_r5610.for,fia_vol_r5610.for
tab_character,B,1,fia_vol_r5610.for,217,13,Nonconforming tab character at (1) [-Wtabs],fia_vol_r5610.for,fia_vol_r5610.for
tab_character,B,1,fia_vol_r5610.for,366,13,Nonconforming tab character at (1) [-Wtabs],fia_vol_r5610.for,fia_vol_r5610.for
tab_character,B,1,fia_vol_r5610.for,367,13,Nonconforming tab character at (1) [-Wtabs],fia_vol_r5610.for,fia_vol_r5610.for
tab_character,B,1,fia_vol_r5610.for,368,13,Nonconforming tab character at (1) [-Wtabs],fia_vol_r5610.for,fia_vol_r5610.for
tab_character,B,1,fia_vol_r5610.for,369,13,Nonconforming tab character at (1) [-Wtabs],fia_vol_r5610.for,fia_vol_r5610.for
tab_character,B,1,fia_vol_r5610.for,370,13,Nonconforming tab character at (1) [-Wtabs],fia_vol_r5610.for,fia_vol_r5610.for
tab_character,B,1,fia_vol_r5610.for,371,13,Nonconforming tab character at (1) [-Wtabs],fia_vol_r5610.for,fia_vol_r5610.for
tab_character,B,1,fia_vol_r5610.for,372,12,Nonconforming tab character at (1) [-Wtabs],fia_vol_r5610.for,fia_vol_r5610.for
tab_character,B,1,fia_vol_r5610.for,373,12,Nonconforming tab character at (1) [-Wtabs],fia_vol_r5610.for,fia_vol_r5610.for
tab_character,B,1,fia_vol_r5610.for,374,12,Nonconforming tab character at (1) [-Wtabs],fia_vol_r5610.for,fia_vol_r5610.for
tab_character,B,1,fia_vol_r5610.for,377,13,Nonconforming tab character at (1) [-Wtabs],fia_vol_r5610.for,fia_vol_r5610.for
tab_character,B,1,fia_vol_r5610.for,378,13,Nonconforming tab character at (1) [-Wtabs],fia_vol_r5610.for,fia_vol_r5610.for
tab_character,B,1,fia_vol_r5610.for,379,13,Nonconforming tab character at (1) [-Wtabs],fia_vol_r5610.for,fia_vol_r5610.for
tab_character,B,1,fia_vol_r5610.for,380,13,Nonconforming tab character at (1) [-Wtabs],fia_vol_r5610.for,fia_vol_r5610.for
tab_character,B,1,fia_vol_r5610.for,381,13,Nonconforming tab character at (1) [-Wtabs],fia_vol_r5610.for,fia_vol_r5610.for
tab_character,B,1,fia_vol_r5610.for,382,13,Nonconforming tab character at (1) [-Wtabs],fia_vol_r5610.for,fia_vol_r5610.for
tab_character,B,1,fia_vol_r5610.for,383,12,Nonconforming tab character at (1) [-Wtabs],fia_vol_r5610.for,fia_vol_r5610.for
tab_character,B,1,fia_vol_r5610.for,384,12,Nonconforming tab character at (1) [-Wtabs],fia_vol_r5610.for,fia_vol_r5610.for
tab_character,B,1,fia_vol_r5610.for,385,12,Nonconforming tab character at (1) [-Wtabs],fia_vol_r5610.for,fia_vol_r5610.for
tab_character,B,1,fia_vol_r5610.for,388,13,Nonconforming tab character at (1) [-Wtabs],fia_vol_r5610.for,fia_vol_r5610.for
tab_character,B,1,fia_vol_r5610.for,389,13,Nonconforming tab character at (1) [-Wtabs],fia_vol_r5610.for,fia_vol_r5610.for
tab_character,B,1,fia_vol_r5610.for,390,13,Nonconforming tab character at (1) [-Wtabs],fia_vol_r5610.for,fia_vol_r5610.for
tab_character,B,1,fia_vol_r5610.for,391,13,Nonconforming tab character at (1) [-Wtabs],fia_vol_r5610.for,fia_vol_r5610.for
tab_character,B,1,fia_vol_r5610.for,392,13,Nonconforming tab character at (1) [-Wtabs],fia_vol_r5610.for,fia_vol_r5610.for
tab_character,B,1,fia_vol_r5610.for,393,13,Nonconforming tab character at (1) [-Wtabs],fia_vol_r5610.for,fia_vol_r5610.for
tab_character,B,1,fia_vol_r5610.for,394,12,Nonconforming tab character at (1) [-Wtabs],fia_vol_r5610.for,fia_vol_r5610.for
tab_character,B,1,fia_vol_r5610.for,395,12,Nonconforming tab character at (1) [-Wtabs],fia_vol_r5610.for,fia_vol_r5610.for
tab_character,B,1,fia_vol_r5610.for,396,12,Nonconforming tab character at (1) [-Wtabs],fia_vol_r5610.for,fia_vol_r5610.for
tab_character,B,1,fia_vol_r5610.for,399,13,Nonconforming tab character at (1) [-Wtabs],fia_vol_r5610.for,fia_vol_r5610.for
tab_character,B,1,fia_vol_r5610.for,400,13,Nonconforming tab character at (1) [-Wtabs],fia_vol_r5610.for,fia_vol_r5610.for
tab_character,B,1,fia_vol_r5610.for,401,13,Nonconforming tab character at (1) [-Wtabs],fia_vol_r5610.for,fia_vol_r5610.for
tab_character,B,1,fia_vol_r5610.for,402,13,Nonconforming tab character at (1) [-Wtabs],fia_vol_r5610.for,fia_vol_r5610.for
tab_character,B,1,fia_vol_r5610.for,403,13,Nonconforming tab character at (1) [-Wtabs],fia_vol_r5610.for,fia_vol_r5610.for
tab_character,B,1,fia_vol_r5610.for,404,13,Nonconforming tab character at (1) [-Wtabs],fia_vol_r5610.for,fia_vol_r5610.for
tab_character,B,1,fia_vol_r5610.for,405,12,Nonconforming tab character at (1) [-Wtabs],fia_vol_r5610.for,fia_vol_r5610.for
tab_character,B,1,fia_vol_r5610.for,406,12,Nonconforming tab character at (1) [-Wtabs],fia_vol_r5610.for,fia_vol_r5610.for
tab_character,B,1,fia_vol_r5610.for,407,12,Nonconforming tab character at (1) [-Wtabs],fia_vol_r5610.for,fia_vol_r5610.for
tab_character,B,1,fia_vol_r5610.for,521,13,Nonconforming tab character at (1) [-Wtabs],fia_vol_r5610.for,fia_vol_r5610.for
tab_character,B,1,fia_vol_r5610.for,522,13,Nonconforming tab character at (1) [-Wtabs],fia_vol_r5610.for,fia_vol_r5610.for
tab_character,B,1,fia_vol_r5610.for,523,13,Nonconforming tab character at (1) [-Wtabs],fia_vol_r5610.for,fia_vol_r5610.for
tab_character,B,1,fia_vol_r5610.for,524,13,Nonconforming tab character at (1) [-Wtabs],fia_vol_r5610.for,fia_vol_r5610.for
tab_character,B,1,fia_vol_r5610.for,525,13,Nonconforming tab character at (1) [-Wtabs],fia_vol_r5610.for,fia_vol_r5610.for
tab_character,B,1,fia_vol_r5610.for,526,13,Nonconforming tab character at (1) [-Wtabs],fia_vol_r5610.for,fia_vol_r5610.for
tab_character,B,1,fia_vol_r5610.for,527,12,Nonconforming tab character at (1) [-Wtabs],fia_vol_r5610.for,fia_vol_r5610.for
tab_character,B,1,fia_vol_r5610.for,528,12,Nonconforming tab character at (1) [-Wtabs],fia_vol_r5610.for,fia_vol_r5610.for
tab_character,B,1,fia_vol_r5610.for,529,12,Nonconforming tab character at (1) [-Wtabs],fia_vol_r5610.for,fia_vol_r5610.for
tab_character,B,1,fia_vol_r5610.for,530,12,Nonconforming tab character at (1) [-Wtabs],fia_vol_r5610.for,fia_vol_r5610.for
tab_character,B,1,fia_vol_r5610.for,531,12,Nonconforming tab character at (1) [-Wtabs],fia_vol_r5610.for,fia_vol_r5610.for
tab_character,B,1,fia_vol_r5610.for,532,12,Nonconforming tab character at (1) [-Wtabs],fia_vol_r5610.for,fia_vol_r5610.for
tab_character,B,1,fia_vol_r5610.for,533,13,Nonconforming tab character at (1) [-Wtabs],fia_vol_r5610.for,fia_vol_r5610.for
tab_character,B,1,fia_vol_r5610.for,534,13,Nonconforming tab character at (1) [-Wtabs],fia_vol_r5610.for,fia_vol_r5610.for
tab_character,B,1,fia_vol_r5610.for,535,13,Nonconforming tab character at (1) [-Wtabs],fia_vol_r5610.for,fia_vol_r5610.for
tab_character,B,1,fia_vol_r5610.for,536,12,Nonconforming tab character at (1) [-Wtabs],fia_vol_r5610.for,fia_vol_r5610.for
tab_character,B,1,fia_vol_r5610.for,537,12,Nonconforming tab character at (1) [-Wtabs],fia_vol_r5610.for,fia_vol_r5610.for
tab_character,B,1,fia_vol_r5610.for,538,12,Nonconforming tab character at (1) [-Wtabs],fia_vol_r5610.for,fia_vol_r5610.for
unused_variable,B,1,fia_vol_r5610.for,15,43,Unused variable 'mtopp' declared at (1) [-Wunused-variable],fia_vol_r5610.for,fia_vol_r5610.for
unused_dummy_argument,B,1,fia_vol_r5610.for,56,66,Unused dummy argument 'bfmind' at (1) [-Wunused-dummy-argument],fia_vol_r5610.for,fia_vol_r5610.for
unused_dummy_argument,B,1,fia_vol_r5610.for,357,66,Unused dummy argument 'bfmind' at (1) [-Wunused-dummy-argument],fia_vol_r5610.for,fia_vol_r5610.for
unused_dummy_argument,B,1,fia_vol_r5610.for,512,55,Unused dummy argument 'bfmind' at (1) [-Wunused-dummy-argument],fia_vol_r5610.for,fia_vol_r5610.for
unused_dummy_argument,B,1,fia_vol_r89.for,117,55,Unused dummy argument 'bfmind' at (1) [-Wunused-dummy-argument],fia_vol_r89.for,fia_vol_r89.for
tab_character,B,1,fia_volinit.for,24,13,Nonconforming tab character at (1) [-Wtabs],fia_volinit.for,fia_volinit.for
tab_character,B,1,fia_volinit.for,28,16,Nonconforming tab character at (1) [-Wtabs],fia_volinit.for,fia_volinit.for
tab_character,B,1,fia_volinit.for,34,13,Nonconforming tab character at (1) [-Wtabs],fia_volinit.for,fia_volinit.for
tab_character,B,1,fia_volinit.for,35,12,Nonconforming tab character at (1) [-Wtabs],fia_volinit.for,fia_volinit.for
unused_dummy_argument,B,1,fia_volinit.for,182,61,Unused dummy argument 'geosub' at (1) [-Wunused-dummy-argument],fia_volinit.for,fia_volinit.for
unused_variable,B,1,fia_volinit.for,185,48,Unused variable 'mtops' declared at (1) [-Wunused-variable],fia_volinit.for,fia_volinit.for
unused_variable,B,1,fia_volinit.for,11,35,Unused variable 'centroid_dia' declared at (1) [-Wunused-variable],fia_volinit.for,fia_volinit.for
unused_variable,B,1,fia_volinit.for,11,22,Unused variable 'centroid_ht' declared at (1) [-Wunused-variable],fia_volinit.for,fia_volinit.for
unused_variable,B,1,fia_volinit.for,24,28,Unused variable 'cr' declared at (1) [-Wunused-variable],fia_volinit.for,fia_volinit.for
unused_variable,B,1,fia_volinit.for,33,39,Unused variable 'i' declared at (1) [-Wunused-variable],fia_volinit.for,fia_volinit.for
unused_variable,B,1,fia_volinit.for,33,41,Unused variable 'j' declared at (1) [-Wunused-variable],fia_volinit.for,fia_volinit.for
unused_variable,B,1,fia_volinit.for,13,21,Unused variable 'mdl' declared at (1) [-Wunused-variable],fia_volinit.for,fia_volinit.for
uninitialized,A,3,fia_volinit.for,173,72,'crown' may be used uninitialized [-Wmaybe-uninitialized],fia_volinit.for,fia_volinit.for
uninitialized,A,3,fia_volinit.for,175,72,'tottree' may be used uninitialized [-Wmaybe-uninitialized],fia_volinit.for,fia_volinit.for
character_truncation,A,3,fiaeq2nveleq.for,678,72,CHARACTER expression will be truncated in assignment (4/7) at (1) [-Wcharacter-truncation],fiaeq2nveleq.for,fiaeq2nveleq.for
character_truncation,A,3,fiaeq2nveleq.for,680,72,CHARACTER expression will be truncated in assignment (4/6) at (1) [-Wcharacter-truncation],fiaeq2nveleq.for,fiaeq2nveleq.for
character_truncation,A,3,fiaeq2nveleq.for,682,72,CHARACTER expression will be truncated in assignment (4/5) at (1) [-Wcharacter-truncation],fiaeq2nveleq.for,fiaeq2nveleq.for
character_truncation,A,3,fiaeq2nveleq.for,687,72,CHARACTER expression will be truncated in assignment (4/6) at (1) [-Wcharacter-truncation],fiaeq2nveleq.for,fiaeq2nveleq.for
character_truncation,A,3,fiaeq2nveleq.for,689,72,CHARACTER expression will be truncated in assignment (4/5) at (1) [-Wcharacter-truncation],fiaeq2nveleq.for,fiaeq2nveleq.for
character_truncation,A,3,fiaeq2nveleq.for,979,72,CHARACTER expression will be truncated in assignment (4/7) at (1) [-Wcharacter-truncation],fiaeq2nveleq.for,fiaeq2nveleq.for
character_truncation,A,3,fiaeq2nveleq.for,981,72,CHARACTER expression will be truncated in assignment (4/6) at (1) [-Wcharacter-truncation],fiaeq2nveleq.for,fiaeq2nveleq.for
character_truncation,A,3,fiaeq2nveleq.for,983,72,CHARACTER expression will be truncated in assignment (4/5) at (1) [-Wcharacter-truncation],fiaeq2nveleq.for,fiaeq2nveleq.for
character_truncation,A,3,fiaeq2nveleq.for,988,72,CHARACTER expression will be truncated in assignment (4/6) at (1) [-Wcharacter-truncation],fiaeq2nveleq.for,fiaeq2nveleq.for
character_truncation,A,3,fiaeq2nveleq.for,990,72,CHARACTER expression will be truncated in assignment (4/5) at (1) [-Wcharacter-truncation],fiaeq2nveleq.for,fiaeq2nveleq.for
unused_variable,B,1,fiaeq2nveleq.for,801,31,Unused variable 'comp' declared at (1) [-Wunused-variable],fiaeq2nveleq.for,fiaeq2nveleq.for
unused_label,B,1,formclas.f,99,5,Label 200 at (1) defined but not used [-Wunused-label],formclas.f,formclas.f
type_conversion,A,3,formclas.f,99,15,Possible change of value in conversion from REAL(4) to INTEGER(4) at (1) [-Wconversion],formclas.f,formclas.f
unused_label,B,1,formclas.f,242,5,Label 200 at (1) defined but not used [-Wunused-label],formclas.f,formclas.f
type_conversion,A,3,formclas.f,242,15,Possible change of value in conversion from REAL(4) to INTEGER(4) at (1) [-Wconversion],formclas.f,formclas.f
unused_label,B,1,formclas.f,326,5,Label 200 at (1) defined but not used [-Wunused-label],formclas.f,formclas.f
type_conversion,A,3,formclas.f,326,15,Possible change of value in conversion from REAL(4) to INTEGER(4) at (1) [-Wconversion],formclas.f,formclas.f
unused_label,B,1,formclas.f,403,5,Label 200 at (1) defined but not used [-Wunused-label],formclas.f,formclas.f
type_conversion,A,3,formclas.f,403,15,Possible change of value in conversion from REAL(4) to INTEGER(4) at (1) [-Wconversion],formclas.f,formclas.f
unused_label,B,1,formclas.f,533,5,Label 200 at (1) defined but not used [-Wunused-label],formclas.f,formclas.f
type_conversion,A,3,formclas.f,533,15,Possible change of value in conversion from REAL(4) to INTEGER(4) at (1) [-Wconversion],formclas.f,formclas.f
unused_label,B,1,formclas.f,632,5,Label 200 at (1) defined but not used [-Wunused-label],formclas.f,formclas.f
type_conversion,A,3,formclas.f,632,15,Possible change of value in conversion from REAL(4) to INTEGER(4) at (1) [-Wconversion],formclas.f,formclas.f
unused_label,B,1,formclas.f,866,5,Label 200 at (1) defined but not used [-Wunused-label],formclas.f,formclas.f
type_conversion,A,3,formclas.f,866,15,Possible change of value in conversion from REAL(4) to INTEGER(4) at (1) [-Wconversion],formclas.f,formclas.f
unused_dummy_argument,B,1,formclas.f,343,36,Unused dummy argument 'ifor' at (1) [-Wunused-dummy-argument],formclas.f,formclas.f
tab_character,B,1,getvoleq.f,49,8,Nonconforming tab character at (1) [-Wtabs],getvoleq.f,getvoleq.f
unused_variable,B,1,getvoleq.f,97,25,Unused variable 'nvoleq' declared at (1) [-Wunused-variable],getvoleq.f,getvoleq.f
unused_label,B,1,grossvol.f,212,5,Label 4000 at (1) defined but not used [-Wunused-label],grossvol.f,grossvol.f
type_conversion,A,3,grossvol.f,73,18,Possible change of value in conversion from REAL(4) to INTEGER(4) at (1) [-Wconversion],grossvol.f,grossvol.f
type_conversion,A,3,grossvol.f,109,21,Possible change of value in conversion from REAL(4) to INTEGER(4) at (1) [-Wconversion],grossvol.f,grossvol.f
type_conversion,A,3,grossvol.f,169,18,Possible change of value in conversion from REAL(4) to INTEGER(4) at (1) [-Wconversion],grossvol.f,grossvol.f
unused_dummy_argument,B,1,grossvol.f,7,24,Unused dummy argument 'conspec' at (1) [-Wunused-dummy-argument],grossvol.f,grossvol.f
character_truncation,A,3,honer.f,201,72,CHARACTER expression will be truncated in assignment (1/4) at (1) [-Wcharacter-truncation],honer.f,honer.f
character_truncation,A,3,honer.f,202,72,CHARACTER expression will be truncated in assignment (1/4) at (1) [-Wcharacter-truncation],honer.f,honer.f
character_truncation,A,3,honer.f,203,72,CHARACTER expression will be truncated in assignment (1/4) at (1) [-Wcharacter-truncation],honer.f,honer.f
character_truncation,A,3,honer.f,228,72,CHARACTER expression will be truncated in assignment (1/4) at (1) [-Wcharacter-truncation],honer.f,honer.f
character_truncation,A,3,honer.f,234,72,CHARACTER expression will be truncated in assignment (1/3) at (1) [-Wcharacter-truncation],honer.f,honer.f
character_truncation,A,3,honer.f,240,72,CHARACTER expression will be truncated in assignment (1/3) at (1) [-Wcharacter-truncation],honer.f,honer.f
character_truncation,A,3,honer.f,247,72,CHARACTER expression will be truncated in assignment (1/2) at (1) [-Wcharacter-truncation],honer.f,honer.f
character_truncation,A,3,honer.f,253,72,CHARACTER expression will be truncated in assignment (1/4) at (1) [-Wcharacter-truncation],honer.f,honer.f
character_truncation,A,3,honer.f,259,72,CHARACTER expression will be truncated in assignment (1/3) at (1) [-Wcharacter-truncation],honer.f,honer.f
character_truncation,A,3,honer.f,265,72,CHARACTER expression will be truncated in assignment (1/3) at (1) [-Wcharacter-truncation],honer.f,honer.f
character_truncation,A,3,honer.f,270,72,CHARACTER expression will be truncated in assignment (1/3) at (1) [-Wcharacter-truncation],honer.f,honer.f
character_truncation,A,3,honer.f,276,72,CHARACTER expression will be truncated in assignment (1/2) at (1) [-Wcharacter-truncation],honer.f,honer.f
character_truncation,A,3,honer.f,282,72,CHARACTER expression will be truncated in assignment (1/2) at (1) [-Wcharacter-truncation],honer.f,honer.f
character_truncation,A,3,honer.f,288,72,CHARACTER expression will be truncated in assignment (1/3) at (1) [-Wcharacter-truncation],honer.f,honer.f
character_truncation,A,3,honer.f,294,72,CHARACTER expression will be truncated in assignment (1/3) at (1) [-Wcharacter-truncation],honer.f,honer.f
character_truncation,A,3,honer.f,300,72,CHARACTER expression will be truncated in assignment (1/3) at (1) [-Wcharacter-truncation],honer.f,honer.f
character_truncation,A,3,honer.f,306,72,CHARACTER expression will be truncated in assignment (1/3) at (1) [-Wcharacter-truncation],honer.f,honer.f
character_truncation,A,3,honer.f,312,72,CHARACTER expression will be truncated in assignment (1/4) at (1) [-Wcharacter-truncation],honer.f,honer.f
character_truncation,A,3,honer.f,318,72,CHARACTER expression will be truncated in assignment (1/4) at (1) [-Wcharacter-truncation],honer.f,honer.f
type_conversion,A,3,honer.f,368,15,Possible change of value in conversion from REAL(4) to INTEGER(4) at (1) [-Wconversion],honer.f,honer.f
type_conversion,A,3,honer.f,397,15,Possible change of value in conversion from REAL(4) to INTEGER(4) at (1) [-Wconversion],honer.f,honer.f
unused_variable,B,1,honer.f,14,23,Unused variable 'calcerror' declared at (1) [-Wunused-variable],honer.f,honer.f
unused_dummy_argument,B,1,honer.f,2,17,Unused dummy argument 'errflg' at (1) [-Wunused-dummy-argument],honer.f,honer.f
unused_variable,B,1,ht2topd.f,36,71,Unused variable 'brokht' declared at (1) [-Wunused-variable],ht2topd.f,ht2topd.f
unused_variable,B,1,ht2topd.f,18,36,Unused variable 'ctype' declared at (1) [-Wunused-variable],ht2topd.f,ht2topd.f
unused_variable,B,1,ht2topd.f,29,19,Unused variable 'ht2' declared at (1) [-Wunused-variable],ht2topd.f,ht2topd.f
unused_variable,B,1,ht2topd.f,36,32,Unused variable 'pulpdib' declared at (1) [-Wunused-variable],ht2topd.f,ht2topd.f
unused_variable,B,1,ht2topd.f,17,28,Unused variable 'vol' declared at (1) [-Wunused-variable],ht2topd.f,ht2topd.f
type_conversion,A,3,intl78.f,57,14,Possible change of value in conversion from REAL(4) to INTEGER(4) at (1) [-Wconversion],intl78.f,intl78.f
type_conversion,A,3,jenkins.f,84,18,Possible change of value in conversion from REAL(4) to INTEGER(4) at (1) [-Wconversion],jenkins.f,jenkins.f
large_stack_array,C,0,wdbkwtdata.inc,19,27,"Array 'wdbkwt' at (1) is larger than limit set by '-fmax-stack-var-size=', moved from stack to static storage. This makes the procedure unsafe when called recursively, or concurrently from multiple threads. Consider increasing the '-fmax-stack-var-size=' limit (or use '-frecursive', which implies unlimited '-fmax-stack-var-size') - or change the code to use an ALLOCATABLE array. If the variable is never accessed concurrently, this warning can be ignored, and the variable could also be declared with the SAVE attribute. [-Wsurprising]",jenkins.f,wdbkwtdata.inc
unused_dummy_argument,B,1,mrules.f,18,34,Unused dummy argument 'forst' at (1) [-Wunused-dummy-argument],mrules.f,mrules.f
type_conversion,A,3,nsvb.f,1482,19,Possible change of value in conversion from REAL(4) to INTEGER(4) at (1) [-Wconversion],nsvb.f,nsvb.f
type_conversion,A,3,nsvb.f,1483,20,Possible change of value in conversion from REAL(4) to INTEGER(4) at (1) [-Wconversion],nsvb.f,nsvb.f
type_conversion,A,3,nsvb.f,1491,19,Possible change of value in conversion from REAL(4) to INTEGER(4) at (1) [-Wconversion],nsvb.f,nsvb.f
type_conversion,A,3,nsvb.f,1492,20,Possible change of value in conversion from REAL(4) to INTEGER(4) at (1) [-Wconversion],nsvb.f,nsvb.f
type_conversion,A,3,nsvb.f,986,21,Possible change of value in conversion from REAL(4) to INTEGER(4) at (1) [-Wconversion],nsvb.f,nsvb.f
type_conversion,A,3,nsvb.f,904,21,Possible change of value in conversion from REAL(4) to INTEGER(4) at (1) [-Wconversion],nsvb.f,nsvb.f
type_conversion,A,3,nsvb.f,1006,17,Possible change of value in conversion from REAL(4) to INTEGER(4) at (1) [-Wconversion],nsvb.f,nsvb.f
type_conversion,A,3,nsvb.f,1331,18,Possible change of value in conversion from REAL(4) to INTEGER(4) at (1) [-Wconversion],nsvb.f,nsvb.f
type_conversion,A,3,nsvb.f,1351,22,Possible change of value in conversion from REAL(4) to INTEGER(4) at (1) [-Wconversion],nsvb.f,nsvb.f
type_conversion,A,3,nsvb.f,1364,36,Possible change of value in conversion from REAL(4) to INTEGER(4) at (1) [-Wconversion],nsvb.f,nsvb.f
type_conversion,A,3,nsvb.f,882,20,Possible change of value in conversion from REAL(4) to INTEGER(4) at (1) [-Wconversion],nsvb.f,nsvb.f
type_conversion,A,3,nsvb.f,884,20,Possible change of value in conversion from REAL(4) to INTEGER(4) at (1) [-Wconversion],nsvb.f,nsvb.f
large_stack_array,C,0,wdbkwtdata.inc,19,27,"Array 'wdbkwt' at (1) is larger than limit set by '-fmax-stack-var-size=', moved from stack to static storage. This makes the procedure unsafe when called recursively, or concurrently from multiple threads. Consider increasing the '-fmax-stack-var-size=' limit (or use '-frecursive', which implies unlimited '-fmax-stack-var-size') - or change the code to use an ALLOCATABLE array. If the variable is never accessed concurrently, this warning can be ignored, and the variable could also be declared with the SAVE attribute. [-Wsurprising]",nsvb.f,wdbkwtdata.inc
unused_variable,B,1,nsvb.f,1089,46,Unused variable 'wdsg' declared at (1) [-Wunused-variable],nsvb.f,nsvb.f
unused_variable,B,1,nsvb.f,808,15,Unused variable 'i' declared at (1) [-Wunused-variable],nsvb.f,nsvb.f
unused_variable,B,1,nsvb.f,1137,40,Unused variable 'logvt' declared at (1) [-Wunused-variable],nsvb.f,nsvb.f
unused_variable,B,1,nsvb.f,1024,31,Unused variable 'htlow' declared at (1) [-Wunused-variable],nsvb.f,nsvb.f
unused_variable,B,1,nsvb.f,1276,45,Unused variable 'crownlenrem' declared at (1) [-Wunused-variable],nsvb.f,nsvb.f
unused_variable,B,1,nsvb.f,48,46,Unused variable 'agbcomp' declared at (1) [-Wunused-variable],nsvb.f,nsvb.f
unused_variable,B,1,nsvb.f,40,49,Unused variable 'bfint' declared at (1) [-Wunused-variable],nsvb.f,nsvb.f
unused_variable,B,1,nsvb.f,40,32,Unused variable 'dibs' declared at (1) [-Wunused-variable],nsvb.f,nsvb.f
unused_variable,B,1,nsvb.f,40,38,Unused variable 'lenth' declared at (1) [-Wunused-variable],nsvb.f,nsvb.f
unused_variable,B,1,nsvb.f,40,43,Unused variable 'logv' declared at (1) [-Wunused-variable],nsvb.f,nsvb.f
unused_variable,B,1,nsvb.f,61,43,Unused variable 'spregnwf' declared at (1) [-Wunused-variable],nsvb.f,nsvb.f
unused_variable,B,1,nsvb.f,60,47,Unused variable 'vtipbk2' declared at (1) [-Wunused-variable],nsvb.f,nsvb.f
unused_variable,B,1,nsvb.f,60,39,Unused variable 'vtipib2' declared at (1) [-Wunused-variable],nsvb.f,nsvb.f
unused_variable,B,1,nsvb.f,58,40,Unused variable 'wtotobred' declared at (1) [-Wunused-variable],nsvb.f,nsvb.f
unused_variable,B,1,nsvb.f,692,37,Unused variable 'a' declared at (1) [-Wunused-variable],nsvb.f,nsvb.f
unused_variable,B,1,nsvb.f,692,39,Unused variable 'b' declared at (1) [-Wunused-variable],nsvb.f,nsvb.f
unused_variable,B,1,nsvb.f,731,36,Unused variable 'a' declared at (1) [-Wunused-variable],nsvb.f,nsvb.f
unused_variable,B,1,nsvb.f,731,38,Unused variable 'b' declared at (1) [-Wunused-variable],nsvb.f,nsvb.f
large_stack_array,C,0,wdbkwtdata.inc,19,27,"Array 'wdbkwt' at (1) is larger than limit set by '-fmax-stack-var-size=', moved from stack to static storage. This makes the procedure unsafe when called recursively, or concurrently from multiple threads. Consider increasing the '-fmax-stack-var-size=' limit (or use '-frecursive', which implies unlimited '-fmax-stack-var-size') - or change the code to use an ALLOCATABLE array. If the variable is never accessed concurrently, this warning can be ignored, and the variable could also be declared with the SAVE attribute. [-Wsurprising]",nsvb.f,wdbkwtdata.inc
unused_variable,B,1,nsvb.f,1074,18,Unused variable 'dia' declared at (1) [-Wunused-variable],nsvb.f,nsvb.f
unused_variable,B,1,nsvb.f,1074,32,Unused variable 'tcuft' declared at (1) [-Wunused-variable],nsvb.f,nsvb.f
unused_variable,B,1,nsvb.f,1377,26,Unused variable 'done' declared at (1) [-Wunused-variable],nsvb.f,nsvb.f
unused_variable,B,1,nsvb.f,1377,21,Unused variable 'i' declared at (1) [-Wunused-variable],nsvb.f,nsvb.f
unused_variable,B,1,nsvb.f,1377,35,Unused variable 'spcdfind' declared at (1) [-Wunused-variable],nsvb.f,nsvb.f
unused_variable,B,1,tables1.inc,4,22,Unused variable 'tbl1cnt' declared at (1) [-Wunused-variable],nsvb.f,tables1.inc
unused_variable,B,1,pmtprofile.f,49,32,Unused variable 'bfint' declared at (1) [-Wunused-variable],pmtprofile.f,pmtprofile.f
unused_dummy_argument,B,1,pmtprofile.f,17,22,Unused dummy argument 'bfpflg' at (1) [-Wunused-dummy-argument],pmtprofile.f,pmtprofile.f
unused_variable,B,1,pmtprofile.f,42,20,Unused variable 'bolht' declared at (1) [-Wunused-variable],pmtprofile.f,pmtprofile.f
unused_variable,B,1,pmtprofile.f,49,46,Unused variable 'botv16' declared at (1) [-Wunused-variable],pmtprofile.f,pmtprofile.f
unused_dummy_argument,B,1,pmtprofile.f,17,36,Unused dummy argument 'cdpflg' at (1) [-Wunused-dummy-argument],pmtprofile.f,pmtprofile.f
unused_variable,B,1,pmtprofile.f,28,21,Unused variable 'cor' declared at (1) [-Wunused-variable],pmtprofile.f,pmtprofile.f
unused_dummy_argument,B,1,pmtprofile.f,18,14,Unused dummy argument 'ctype' at (1) [-Wunused-dummy-argument],pmtprofile.f,pmtprofile.f
unused_dummy_argument,B,1,pmtprofile.f,17,29,Unused dummy argument 'cupflg' at (1) [-Wunused-dummy-argument],pmtprofile.f,pmtprofile.f
unused_dummy_argument,B,1,pmtprofile.f,17,15,Unused dummy argument 'cutflg' at (1) [-Wunused-dummy-argument],pmtprofile.f,pmtprofile.f
unused_variable,B,1,pmtprofile.f,47,24,Unused variable 'dibl' declared at (1) [-Wunused-variable],pmtprofile.f,pmtprofile.f
unused_variable,B,1,pmtprofile.f,47,29,Unused variable 'dibs' declared at (1) [-Wunused-variable],pmtprofile.f,pmtprofile.f
unused_variable,B,1,pmtprofile.f,31,18,Unused variable 'evod' declared at (1) [-Wunused-variable],pmtprofile.f,pmtprofile.f
unused_dummy_argument,B,1,pmtprofile.f,15,41,Unused dummy argument 'ht2prd' at (1) [-Wunused-dummy-argument],pmtprofile.f,pmtprofile.f
unused_dummy_argument,B,1,pmtprofile.f,15,27,Unused dummy argument 'htlog' at (1) [-Wunused-dummy-argument],pmtprofile.f,pmtprofile.f
unused_variable,B,1,pmtprofile.f,44,24,Unused variable 'lcnt' declared at (1) [-Wunused-variable],pmtprofile.f,pmtprofile.f
unused_variable,B,1,pmtprofile.f,43,34,Unused variable 'ldia32' declared at (1) [-Wunused-variable],pmtprofile.f,pmtprofile.f
unused_variable,B,1,pmtprofile.f,33,17,Unused variable 'length' declared at (1) [-Wunused-variable],pmtprofile.f,pmtprofile.f
unused_variable,B,1,pmtprofile.f,37,27,Unused variable 'lenms' declared at (1) [-Wunused-variable],pmtprofile.f,pmtprofile.f
unused_variable,B,1,pmtprofile.f,47,19,Unused variable 'lht' declared at (1) [-Wunused-variable],pmtprofile.f,pmtprofile.f
unused_variable,B,1,pmtprofile.f,43,21,Unused variable 'llen32' declared at (1) [-Wunused-variable],pmtprofile.f,pmtprofile.f
unused_variable,B,1,pmtprofile.f,41,29,Unused variable 'loglen' declared at (1) [-Wunused-variable],pmtprofile.f,pmtprofile.f
unused_variable,B,1,pmtprofile.f,49,26,Unused variable 'logleng' declared at (1) [-Wunused-variable],pmtprofile.f,pmtprofile.f
unused_variable,B,1,pmtprofile.f,48,19,Unused variable 'logst' declared at (1) [-Wunused-variable],pmtprofile.f,pmtprofile.f
unused_variable,B,1,pmtprofile.f,47,15,Unused variable 'logv' declared at (1) [-Wunused-variable],pmtprofile.f,pmtprofile.f
unused_variable,B,1,pmtprofile.f,42,47,Unused variable 'logvol32' declared at (1) [-Wunused-variable],pmtprofile.f,pmtprofile.f
unused_variable,B,1,pmtprofile.f,42,60,Unused variable 'lvol32' declared at (1) [-Wunused-variable],pmtprofile.f,pmtprofile.f
unused_variable,B,1,pmtprofile.f,34,17,Unused variable 'maxlen' declared at (1) [-Wunused-variable],pmtprofile.f,pmtprofile.f
unused_variable,B,1,pmtprofile.f,34,39,Unused variable 'merchl' declared at (1) [-Wunused-variable],pmtprofile.f,pmtprofile.f
unused_variable,B,1,pmtprofile.f,33,30,Unused variable 'minbfd' declared at (1) [-Wunused-variable],pmtprofile.f,pmtprofile.f
unused_variable,B,1,pmtprofile.f,34,24,Unused variable 'minlen' declared at (1) [-Wunused-variable],pmtprofile.f,pmtprofile.f
unused_variable,B,1,pmtprofile.f,34,32,Unused variable 'minlent' declared at (1) [-Wunused-variable],pmtprofile.f,pmtprofile.f
unused_dummy_argument,B,1,pmtprofile.f,14,54,Unused dummy argument 'mtops' at (1) [-Wunused-dummy-argument],pmtprofile.f,pmtprofile.f
unused_variable,B,1,pmtprofile.f,44,19,Unused variable 'nlcnt' declared at (1) [-Wunused-variable],pmtprofile.f,pmtprofile.f
unused_variable,B,1,pmtprofile.f,31,22,Unused variable 'opt' declared at (1) [-Wunused-variable],pmtprofile.f,pmtprofile.f
unused_dummy_argument,B,1,pmtprofile.f,18,26,Unused dummy argument 'prod' at (1) [-Wunused-dummy-argument],pmtprofile.f,pmtprofile.f
unused_variable,B,1,pmtprofile.f,49,48,Unused variable 'r' declared at (1) [-Wunused-variable],pmtprofile.f,pmtprofile.f
unused_variable,B,1,pmtprofile.f,31,27,Unused variable 'regn' declared at (1) [-Wunused-variable],pmtprofile.f,pmtprofile.f
unused_variable,B,1,pmtprofile.f,33,40,Unused variable 'slope' declared at (1) [-Wunused-variable],pmtprofile.f,pmtprofile.f
unused_dummy_argument,B,1,pmtprofile.f,17,42,Unused dummy argument 'spflg' at (1) [-Wunused-dummy-argument],pmtprofile.f,pmtprofile.f
unused_variable,B,1,pmtprofile.f,58,45,Unused variable 'tcvol' declared at (1) [-Wunused-variable],pmtprofile.f,pmtprofile.f
unused_variable,B,1,pmtprofile.f,58,52,Unused variable 'tcvol1' declared at (1) [-Wunused-variable],pmtprofile.f,pmtprofile.f
unused_variable,B,1,pmtprofile.f,58,59,Unused variable 'tcvol2' declared at (1) [-Wunused-variable],pmtprofile.f,pmtprofile.f
unused_variable,B,1,pmtprofile.f,58,39,Unused variable 'tempvol' declared at (1) [-Wunused-variable],pmtprofile.f,pmtprofile.f
unused_variable,B,1,pmtprofile.f,48,50,Unused variable 'tlogs' declared at (1) [-Wunused-variable],pmtprofile.f,pmtprofile.f
unused_variable,B,1,pmtprofile.f,49,39,Unused variable 'topv16' declared at (1) [-Wunused-variable],pmtprofile.f,pmtprofile.f
unused_variable,B,1,pmtprofile.f,34,62,Unused variable 'trim' declared at (1) [-Wunused-variable],pmtprofile.f,pmtprofile.f
unused_variable,B,1,pmtprofile.f,34,66,Unused variable 'trm' declared at (1) [-Wunused-variable],pmtprofile.f,pmtprofile.f
unused_variable,B,1,pmtprofile.f,58,19,Unused variable 'vmer' declared at (1) [-Wunused-variable],pmtprofile.f,pmtprofile.f
unused_variable,B,1,pmtprofile.f,58,25,Unused variable 'vmer1' declared at (1) [-Wunused-variable],pmtprofile.f,pmtprofile.f
unused_variable,B,1,pmtprofile.f,58,31,Unused variable 'vmer2' declared at (1) [-Wunused-variable],pmtprofile.f,pmtprofile.f
unused_dummy_argument,B,1,pnwtarif.f,283,24,Unused dummy argument 'cvt' at (1) [-Wunused-dummy-argument],pnwtarif.f,pnwtarif.f
unused_dummy_argument,B,1,pnwtarif.f,283,42,Unused dummy argument 'errflag' at (1) [-Wunused-dummy-argument],pnwtarif.f,pnwtarif.f
unused_variable,B,1,pnwtarif.f,285,52,Unused variable 'ri816' declared at (1) [-Wunused-variable],pnwtarif.f,pnwtarif.f
unused_dummy_argument,B,1,pnwtarif.f,282,34,Unused dummy argument 'spn' at (1) [-Wunused-dummy-argument],pnwtarif.f,pnwtarif.f
unused_variable,B,1,pnwtarif.f,16,27,Unused variable 'b4' declared at (1) [-Wunused-variable],pnwtarif.f,pnwtarif.f
unused_variable,B,1,pnwtarif.f,16,24,Unused variable 'cubus' declared at (1) [-Wunused-variable],pnwtarif.f,pnwtarif.f
unused_variable,B,1,pnwtarif.f,16,18,Unused variable 'cv6' declared at (1) [-Wunused-variable],pnwtarif.f,pnwtarif.f
unused_variable,B,1,pnwtarif.f,16,62,Unused variable 'r16' declared at (1) [-Wunused-variable],pnwtarif.f,pnwtarif.f
unused_variable,B,1,pnwtarif.f,16,14,Unused variable 'rc6' declared at (1) [-Wunused-variable],pnwtarif.f,pnwtarif.f
unused_variable,B,1,pnwtarif.f,11,24,Unused variable 'region' declared at (1) [-Wunused-variable],pnwtarif.f,pnwtarif.f
unused_variable,B,1,pnwtarif.f,16,40,Unused variable 'rs616' declared at (1) [-Wunused-variable],pnwtarif.f,pnwtarif.f
unused_variable,B,1,pnwtarif.f,16,34,Unused variable 'rs616l' declared at (1) [-Wunused-variable],pnwtarif.f,pnwtarif.f
unused_variable,B,1,pnwtarif.f,16,46,Unused variable 'rs632' declared at (1) [-Wunused-variable],pnwtarif.f,pnwtarif.f
unused_variable,B,1,pnwtarif.f,16,52,Unused variable 'sv616' declared at (1) [-Wunused-variable],pnwtarif.f,pnwtarif.f
unused_variable,B,1,pnwtarif.f,16,58,Unused variable 'sv632' declared at (1) [-Wunused-variable],pnwtarif.f,pnwtarif.f
unused_variable,B,1,pnwtarif.f,16,68,Unused variable 'xint6' declared at (1) [-Wunused-variable],pnwtarif.f,pnwtarif.f
tab_character,B,1,profile2.f,519,16,Nonconforming tab character at (1) [-Wtabs],profile2.f,profile2.f
tab_character,B,1,profile2.f,639,17,Nonconforming tab character at (1) [-Wtabs],profile2.f,profile2.f
unused_variable,B,1,r10d2h.f,26,20,Unused variable 'pi' declared at (1) [-Wunused-variable],r10d2h.f,r10d2h.f
unused_variable,B,1,r10d2h.f,25,19,Unused variable 'volm' declared at (1) [-Wunused-variable],r10d2h.f,r10d2h.f
unused_label,B,1,r10tap.f,201,5,Label 900 at (1) defined but not used [-Wunused-label],r10tap.f,r10tap.f
type_conversion,A,3,r10tap.f,125,15,Possible change of value in conversion from REAL(8) to REAL(4) at (1) [-Wconversion],r10tap.f,r10tap.f
type_conversion,A,3,r10tap.f,127,17,Possible change of value in conversion from REAL(8) to REAL(4) at (1) [-Wconversion],r10tap.f,r10tap.f
type_conversion,A,3,r10tap.f,150,15,Possible change of value in conversion from REAL(8) to REAL(4) at (1) [-Wconversion],r10tap.f,r10tap.f
type_conversion,A,3,r10tap.f,152,17,Possible change of value in conversion from REAL(8) to REAL(4) at (1) [-Wconversion],r10tap.f,r10tap.f
type_conversion,A,3,r10tap.f,161,19,Possible change of value in conversion from REAL(8) to REAL(4) at (1) [-Wconversion],r10tap.f,r10tap.f
type_conversion,A,3,r10tap.f,187,18,Possible change of value in conversion from REAL(8) to REAL(4) at (1) [-Wconversion],r10tap.f,r10tap.f
type_conversion,A,3,r10tap.f,189,18,Possible change of value in conversion from REAL(8) to REAL(4) at (1) [-Wconversion],r10tap.f,r10tap.f
unused_label,B,1,r10tapo.f,400,5,Label 900 at (1) defined but not used [-Wunused-label],r10tapo.f,r10tapo.f
type_conversion,A,3,r10vol.f,82,14,Possible change of value in conversion from REAL(4) to INTEGER(4) at (1) [-Wconversion],r10vol.f,r10vol.f
unused_variable,B,1,r10vol.f,17,51,Unused variable 'holdlv' declared at (1) [-Wunused-variable],r10vol.f,r10vol.f
unused_variable,B,1,r10vol.f,17,38,Unused variable 'holdv' declared at (1) [-Wunused-variable],r10vol.f,r10vol.f
unused_dummy_argument,B,1,r10vol.f,4,41,Unused dummy argument 'nologs' at (1) [-Wunused-dummy-argument],r10vol.f,r10vol.f
unused_dummy_argument,B,1,r10vol.f,5,36,Unused dummy argument 'spflg' at (1) [-Wunused-dummy-argument],r10vol.f,r10vol.f
unused_variable,B,1,r10vol.f,17,29,Unused variable 'tmpht2' declared at (1) [-Wunused-variable],r10vol.f,r10vol.f
unused_variable,B,1,r10vol.f,11,31,Unused variable 'tmpveq' declared at (1) [-Wunused-variable],r10vol.f,r10vol.f
deleted_feature,B,1,r10vol1.f,131,72,Fortran 2018 deleted feature: DO termination statement which is not END DO or CONTINUE with label 36 at (1),r10vol1.f,r10vol1.f
deleted_feature,B,1,r10vol1.f,271,72,Fortran 2018 deleted feature: DO termination statement which is not END DO or CONTINUE with label 254 at (1),r10vol1.f,r10vol1.f
unused_label,B,1,r10vol1.f,898,5,Label 5546 at (1) defined but not used [-Wunused-label],r10vol1.f,r10vol1.f
type_conversion,A,3,r10vol1.f,644,20,Possible change of value in conversion from REAL(8) to REAL(4) at (1) [-Wconversion],r10vol1.f,r10vol1.f
type_conversion,A,3,r10vol1.f,653,31,Possible change of value in conversion from REAL(8) to REAL(4) at (1) [-Wconversion],r10vol1.f,r10vol1.f
type_conversion,A,3,r10vol1.f,687,23,Possible change of value in conversion from REAL(8) to REAL(4) at (1) [-Wconversion],r10vol1.f,r10vol1.f
type_conversion,A,3,r10vol1.f,689,23,Possible change of value in conversion from REAL(8) to REAL(4) at (1) [-Wconversion],r10vol1.f,r10vol1.f
type_conversion,A,3,r10vol1.f,708,21,Possible change of value in conversion from REAL(8) to REAL(4) at (1) [-Wconversion],r10vol1.f,r10vol1.f
type_conversion,A,3,r10vol1.f,710,21,Possible change of value in conversion from REAL(8) to REAL(4) at (1) [-Wconversion],r10vol1.f,r10vol1.f
type_conversion,A,3,r10vol1.f,732,23,Possible change of value in conversion from REAL(8) to REAL(4) at (1) [-Wconversion],r10vol1.f,r10vol1.f
type_conversion,A,3,r10vol1.f,734,23,Possible change of value in conversion from REAL(8) to REAL(4) at (1) [-Wconversion],r10vol1.f,r10vol1.f
type_conversion,A,3,r10vol1.f,754,21,Possible change of value in conversion from REAL(8) to REAL(4) at (1) [-Wconversion],r10vol1.f,r10vol1.f
type_conversion,A,3,r10vol1.f,756,21,Possible change of value in conversion from REAL(8) to REAL(4) at (1) [-Wconversion],r10vol1.f,r10vol1.f
type_conversion,A,3,r10vol1.f,788,26,Possible change of value in conversion from REAL(8) to REAL(4) at (1) [-Wconversion],r10vol1.f,r10vol1.f
type_conversion,A,3,r10vol1.f,790,26,Possible change of value in conversion from REAL(8) to REAL(4) at (1) [-Wconversion],r10vol1.f,r10vol1.f
type_conversion,A,3,r10vol1.f,795,26,Possible change of value in conversion from REAL(8) to REAL(4) at (1) [-Wconversion],r10vol1.f,r10vol1.f
type_conversion,A,3,r10vol1.f,797,26,Possible change of value in conversion from REAL(8) to REAL(4) at (1) [-Wconversion],r10vol1.f,r10vol1.f
type_conversion,A,3,r10vol1.f,848,24,Possible change of value in conversion from REAL(8) to REAL(4) at (1) [-Wconversion],r10vol1.f,r10vol1.f
type_conversion,A,3,r10vol1.f,849,26,Possible change of value in conversion from REAL(8) to REAL(4) at (1) [-Wconversion],r10vol1.f,r10vol1.f
type_conversion,A,3,r10vol1.f,855,24,Possible change of value in conversion from REAL(8) to REAL(4) at (1) [-Wconversion],r10vol1.f,r10vol1.f
type_conversion,A,3,r10vol1.f,856,26,Possible change of value in conversion from REAL(8) to REAL(4) at (1) [-Wconversion],r10vol1.f,r10vol1.f
type_conversion,A,3,r10vol1.f,891,21,Possible change of value in conversion from REAL(8) to REAL(4) at (1) [-Wconversion],r10vol1.f,r10vol1.f
type_conversion,A,3,r10vol1.f,892,23,Possible change of value in conversion from REAL(8) to REAL(4) at (1) [-Wconversion],r10vol1.f,r10vol1.f
type_conversion,A,3,r10vol1.f,899,21,Possible change of value in conversion from REAL(8) to REAL(4) at (1) [-Wconversion],r10vol1.f,r10vol1.f
type_conversion,A,3,r10vol1.f,900,23,Possible change of value in conversion from REAL(8) to REAL(4) at (1) [-Wconversion],r10vol1.f,r10vol1.f
type_conversion,A,3,r10vol1.f,946,21,Possible change of value in conversion from REAL(8) to REAL(4) at (1) [-Wconversion],r10vol1.f,r10vol1.f
type_conversion,A,3,r10vol1.f,947,23,Possible change of value in conversion from REAL(8) to REAL(4) at (1) [-Wconversion],r10vol1.f,r10vol1.f
type_conversion,A,3,r10vol1.f,953,21,Possible change of value in conversion from REAL(8) to REAL(4) at (1) [-Wconversion],r10vol1.f,r10vol1.f
type_conversion,A,3,r10vol1.f,954,23,Possible change of value in conversion from REAL(8) to REAL(4) at (1) [-Wconversion],r10vol1.f,r10vol1.f
type_conversion,A,3,r10vol1.f,119,24,Possible change of value in conversion from REAL(4) to INTEGER(4) at (1) [-Wconversion],r10vol1.f,r10vol1.f
type_conversion,A,3,r10vol1.f,133,22,Possible change of value in conversion from REAL(4) to INTEGER(4) at (1) [-Wconversion],r10vol1.f,r10vol1.f
unused_dummy_argument,B,1,r10vol1.f,2,42,Unused dummy argument 'mtops' at (1) [-Wunused-dummy-argument],r10vol1.f,r10vol1.f
unused_dummy_argument,B,1,r10vol1.f,4,36,Unused dummy argument 'spflg' at (1) [-Wunused-dummy-argument],r10vol1.f,r10vol1.f
type_conversion,A,3,r10volo.f,105,15,Possible change of value in conversion from REAL(4) to INTEGER(4) at (1) [-Wconversion],r10volo.f,r10volo.f
type_conversion,A,3,r10volo.f,129,20,Possible change of value in conversion from REAL(4) to INTEGER(4) at (1) [-Wconversion],r10volo.f,r10volo.f
type_conversion,A,3,r10volo.f,146,23,Possible change of value in conversion from REAL(4) to INTEGER(4) at (1) [-Wconversion],r10volo.f,r10volo.f
type_conversion,A,3,r10volo.f,166,26,Possible change of value in conversion from REAL(4) to INTEGER(4) at (1) [-Wconversion],r10volo.f,r10volo.f
type_conversion,A,3,r10volo.f,193,17,Possible change of value in conversion from REAL(4) to INTEGER(4) at (1) [-Wconversion],r10volo.f,r10volo.f
type_conversion,A,3,r10volo.f,197,21,Possible change of value in conversion from REAL(4) to INTEGER(4) at (1) [-Wconversion],r10volo.f,r10volo.f
type_conversion,A,3,r10volo.f,198,22,Possible change of value in conversion from REAL(4) to INTEGER(4) at (1) [-Wconversion],r10volo.f,r10volo.f
type_conversion,A,3,r10volo.f,199,22,Possible change of value in conversion from REAL(4) to INTEGER(4) at (1) [-Wconversion],r10volo.f,r10volo.f
type_conversion,A,3,r10volo.f,210,22,Possible change of value in conversion from REAL(4) to INTEGER(4) at (1) [-Wconversion],r10volo.f,r10volo.f
type_conversion,A,3,r10volo.f,212,22,Possible change of value in conversion from REAL(4) to INTEGER(4) at (1) [-Wconversion],r10volo.f,r10volo.f
unused_variable,B,1,r10volo.f,27,33,Unused variable 'stump' declared at (1) [-Wunused-variable],r10volo.f,r10volo.f
type_conversion,A,3,r12tap.f,333,17,Possible change of value in conversion from REAL(8) to REAL(4) at (1) [-Wconversion],r12tap.f,r12tap.f
type_conversion,A,3,r12tap.f,346,17,Possible change of value in conversion from REAL(8) to REAL(4) at (1) [-Wconversion],r12tap.f,r12tap.f
type_conversion,A,3,r12tap.f,359,17,Possible change of value in conversion from REAL(8) to REAL(4) at (1) [-Wconversion],r12tap.f,r12tap.f
type_conversion,A,3,r12vol.f,84,24,Possible change of value in conversion from REAL(4) to INTEGER(4) at (1) [-Wconversion],r12vol.f,r12vol.f
type_conversion,A,3,r12vol.f,114,24,Possible change of value in conversion from REAL(4) to INTEGER(4) at (1) [-Wconversion],r12vol.f,r12vol.f
type_conversion,A,3,r1allen.f,398,11,Possible change of value in conversion from REAL(4) to INTEGER(4) at (1) [-Wconversion],r1allen.f,r1allen.f
type_conversion,A,3,r1allen.f,402,12,Possible change of value in conversion from REAL(4) to INTEGER(4) at (1) [-Wconversion],r1allen.f,r1allen.f
type_conversion,A,3,r1allen.f,422,13,Possible change of value in conversion from REAL(4) to INTEGER(4) at (1) [-Wconversion],r1allen.f,r1allen.f
uninitialized,A,3,r1kemp.f,409,10,'nonsaw' may be used uninitialized [-Wmaybe-uninitialized],r1kemp.f,r1kemp.f
tab_character,B,1,r1kemp.f,13,53,Nonconforming tab character in column 1 of line 127 [-Wtabs],r1tap.f,r1kemp.f
type_conversion,A,3,r1tap.f,178,16,Possible change of value in conversion from REAL(8) to REAL(4) at (1) [-Wconversion],r1tap.f,r1tap.f
type_conversion,A,3,r1tap.f,232,20,Possible change of value in conversion from REAL(8) to REAL(4) at (1) [-Wconversion],r1tap.f,r1tap.f
type_conversion,A,3,r1tap.f,250,19,Possible change of value in conversion from REAL(8) to REAL(4) at (1) [-Wconversion],r1tap.f,r1tap.f
type_conversion,A,3,r1tap.f,264,18,Possible change of value in conversion from REAL(8) to REAL(4) at (1) [-Wconversion],r1tap.f,r1tap.f
type_conversion,A,3,r1tap.f,270,25,Possible change of value in conversion from REAL(8) to REAL(4) at (1) [-Wconversion],r1tap.f,r1tap.f
type_conversion,A,3,r1tap.f,278,25,Possible change of value in conversion from REAL(8) to REAL(4) at (1) [-Wconversion],r1tap.f,r1tap.f
unused_variable,B,1,r2oldv.f,631,24,Unused variable 'diff' declared at (1) [-Wunused-variable],r2oldv.f,r2oldv.f
unused_variable,B,1,r2oldv.f,631,19,Unused variable 'hi' declared at (1) [-Wunused-variable],r2oldv.f,r2oldv.f
unused_variable,B,1,r2oldv.f,632,21,Unused variable 'loopcnt' declared at (1) [-Wunused-variable],r2oldv.f,r2oldv.f
unused_variable,B,1,r2oldv.f,631,16,Unused variable 'low' declared at (1) [-Wunused-variable],r2oldv.f,r2oldv.f
unused_variable,B,1,r2oldv.f,631,40,Unused variable 'mid' declared at (1) [-Wunused-variable],r2oldv.f,r2oldv.f
unused_variable,B,1,r2oldv.f,631,12,Unused variable 'r' declared at (1) [-Wunused-variable],r2oldv.f,r2oldv.f
unused_variable,B,1,r2oldv.f,631,26,Unused variable 'x' declared at (1) [-Wunused-variable],r2oldv.f,r2oldv.f
type_conversion,A,3,r2tap.f,221,13,Possible change of value in conversion from REAL(8) to REAL(4) at (1) [-Wconversion],r2tap.f,r2tap.f
type_conversion,A,3,r2tap.f,235,16,Possible change of value in conversion from REAL(8) to REAL(4) at (1) [-Wconversion],r2tap.f,r2tap.f
type_conversion,A,3,r2tap.f,289,16,Possible change of value in conversion from REAL(8) to REAL(4) at (1) [-Wconversion],r2tap.f,r2tap.f
type_conversion,A,3,r2tap.f,297,19,Possible change of value in conversion from REAL(8) to REAL(4) at (1) [-Wconversion],r2tap.f,r2tap.f
type_conversion,A,3,r2tap.f,301,19,Possible change of value in conversion from REAL(8) to REAL(4) at (1) [-Wconversion],r2tap.f,r2tap.f
type_conversion,A,3,r2tap.f,304,17,Possible change of value in conversion from REAL(8) to REAL(4) at (1) [-Wconversion],r2tap.f,r2tap.f
type_conversion,A,3,r4vol.f,269,21,Possible change of value in conversion from REAL(4) to INTEGER(4) at (1) [-Wconversion],r4vol.f,r4vol.f
unused_variable,B,1,r4vol.f,18,23,Unused variable 'cfcoef' declared at (1) [-Wunused-variable],r4vol.f,r4vol.f
unused_variable,B,1,r4vol.f,19,22,Unused variable 'd67' declared at (1) [-Wunused-variable],r4vol.f,r4vol.f
unused_variable,B,1,r4vol.f,19,24,Unused variable 'f' declared at (1) [-Wunused-variable],r4vol.f,r4vol.f
unused_variable,B,1,r4vol.f,19,35,Unused variable 'ht67' declared at (1) [-Wunused-variable],r4vol.f,r4vol.f
unused_variable,B,1,r4vol.f,14,16,Unused variable 'ii' declared at (1) [-Wunused-variable],r4vol.f,r4vol.f
type_conversion,A,3,r5harv.f,300,17,Possible change of value in conversion from REAL(8) to REAL(4) at (1) [-Wconversion],r5harv.f,r5harv.f
type_conversion,A,3,r5harv.f,301,17,Possible change of value in conversion from REAL(8) to REAL(4) at (1) [-Wconversion],r5harv.f,r5harv.f
type_conversion,A,3,r5harv.f,311,14,Possible change of value in conversion from REAL(8) to REAL(4) at (1) [-Wconversion],r5harv.f,r5harv.f
type_conversion,A,3,r5harv.f,313,14,Possible change of value in conversion from REAL(8) to REAL(4) at (1) [-Wconversion],r5harv.f,r5harv.f
type_conversion,A,3,r5harv.f,320,14,Possible change of value in conversion from REAL(8) to REAL(4) at (1) [-Wconversion],r5harv.f,r5harv.f
type_conversion,A,3,r5tap.f,145,12,Possible change of value in conversion from REAL(8) to REAL(4) at (1) [-Wconversion],r5tap.f,r5tap.f
deleted_feature,B,1,r6dibs.f,16,72,Fortran 2018 deleted feature: DO termination statement which is not END DO or CONTINUE with label 5 at (1),r6dibs.f,r6dibs.f
deleted_feature,B,1,r6dibs.f,232,72,Fortran 2018 deleted feature: DO termination statement which is not END DO or CONTINUE with label 350 at (1),r6dibs.f,r6dibs.f
deleted_feature,B,1,r6dibs.f,237,72,Fortran 2018 deleted feature: DO termination statement which is not END DO or CONTINUE with label 360 at (1),r6dibs.f,r6dibs.f
deleted_feature,B,1,r6dibs.f,282,72,Fortran 2018 deleted feature: DO termination statement which is not END DO or CONTINUE with label 430 at (1),r6dibs.f,r6dibs.f
deleted_feature,B,1,r6dibs.f,291,72,Fortran 2018 deleted feature: DO termination statement which is not END DO or CONTINUE with label 440 at (1),r6dibs.f,r6dibs.f
deleted_feature,B,1,r6dibs.f,374,72,Fortran 2018 deleted feature: DO termination statement which is not END DO or CONTINUE with label 570 at (1),r6dibs.f,r6dibs.f
deleted_feature,B,1,r6dibs.f,428,72,Fortran 2018 deleted feature: DO termination statement which is not END DO or CONTINUE with label 660 at (1),r6dibs.f,r6dibs.f
unused_label,B,1,r6dibs.f,170,5,Label 220 at (1) defined but not used [-Wunused-label],r6dibs.f,r6dibs.f
unused_label,B,1,r6dibs.f,42,5,Label 10 at (1) defined but not used [-Wunused-label],r6dibs.f,r6dibs.f
type_conversion,A,3,r6dibs.f,62,12,Possible change of value in conversion from REAL(4) to INTEGER(4) at (1) [-Wconversion],r6dibs.f,r6dibs.f
type_conversion,A,3,r6dibs.f,150,13,Possible change of value in conversion from REAL(4) to INTEGER(4) at (1) [-Wconversion],r6dibs.f,r6dibs.f
type_conversion,A,3,r6dibs.f,191,11,Possible change of value in conversion from REAL(4) to INTEGER(4) at (1) [-Wconversion],r6dibs.f,r6dibs.f
deleted_feature,B,1,r6vol1.f,53,72,Fortran 2018 deleted feature: DO termination statement which is not END DO or CONTINUE with label 10 at (1),r6vol1.f,r6vol1.f
deleted_feature,B,1,r6vol1.f,92,72,Fortran 2018 deleted feature: DO termination statement which is not END DO or CONTINUE with label 20 at (1),r6vol1.f,r6vol1.f
deleted_feature,B,1,r6vol1.f,116,72,Fortran 2018 deleted feature: DO termination statement which is not END DO or CONTINUE with label 50 at (1),r6vol1.f,r6vol1.f
deleted_feature,B,1,r6vol1.f,147,72,Fortran 2018 deleted feature: DO termination statement which is not END DO or CONTINUE with label 80 at (1),r6vol1.f,r6vol1.f
type_conversion,A,3,r6vol1.f,57,13,Possible change of value in conversion from REAL(4) to INTEGER(4) at (1) [-Wconversion],r6vol1.f,r6vol1.f
type_conversion,A,3,r6vol1.f,62,11,Possible change of value in conversion from REAL(4) to INTEGER(4) at (1) [-Wconversion],r6vol1.f,r6vol1.f
type_conversion,A,3,r6vol1.f,65,11,Possible change of value in conversion from REAL(4) to INTEGER(4) at (1) [-Wconversion],r6vol1.f,r6vol1.f
type_conversion,A,3,r6vol1.f,78,11,Possible change of value in conversion from REAL(4) to INTEGER(4) at (1) [-Wconversion],r6vol1.f,r6vol1.f
type_conversion,A,3,r6vol1.f,89,15,Possible change of value in conversion from REAL(4) to INTEGER(4) at (1) [-Wconversion],r6vol1.f,r6vol1.f
type_conversion,A,3,r6vol1.f,96,15,Possible change of value in conversion from REAL(4) to INTEGER(4) at (1) [-Wconversion],r6vol1.f,r6vol1.f
type_conversion,A,3,r6vol1.f,107,11,Possible change of value in conversion from REAL(4) to INTEGER(4) at (1) [-Wconversion],r6vol1.f,r6vol1.f
type_conversion,A,3,r6vol1.f,120,11,Possible change of value in conversion from REAL(4) to INTEGER(4) at (1) [-Wconversion],r6vol1.f,r6vol1.f
type_conversion,A,3,r8clkdib.f,69,16,Possible change of value in conversion from REAL(4) to INTEGER(4) at (1) [-Wconversion],r8clkdib.f,r8clkdib.f
type_conversion,A,3,r8clkdib.f,103,14,Possible change of value in conversion from REAL(4) to INTEGER(4) at (1) [-Wconversion],r8clkdib.f,r8clkdib.f
unused_variable,B,1,r8clkcoef.inc,3,45,Unused variable 'toprat' declared at (1) [-Wunused-variable],r8clkdib.f,r8clkcoef.inc
unused_variable,B,1,r8clkdib.f,299,20,Unused variable 'ba' declared at (1) [-Wunused-variable],r8clkdib.f,r8clkdib.f
unused_dummy_argument,B,1,r8clkdib.f,287,38,Unused dummy argument 'forst' at (1) [-Wunused-dummy-argument],r8clkdib.f,r8clkdib.f
unused_variable,B,1,r8clkdib.f,299,16,Unused variable 'si' declared at (1) [-Wunused-variable],r8clkdib.f,r8clkdib.f
uninitialized,A,3,r8clkdib.f,53,47,'specpr' may be used uninitialized [-Wmaybe-uninitialized],r8clkdib.f,r8clkdib.f
uninitialized,A,3,r8clkdib.f,53,47,'eqnpr' may be used uninitialized [-Wmaybe-uninitialized],r8clkdib.f,r8clkdib.f
uninitialized,A,3,r8clkdib.f,53,47,'geoapr' may be used uninitialized [-Wmaybe-uninitialized],r8clkdib.f,r8clkdib.f
tab_character,B,1,r8clkdib.f,11,41,Nonconforming tab character in column 1 of line 21 [-Wtabs],r8init.f,r8clkdib.f
unused_label,B,1,r8init.f,822,4,Label 998 at (1) defined but not used [-Wunused-label],r8init.f,r8init.f
unused_dummy_argument,B,1,r8init.f,2,59,Unused dummy argument 'errflag' at (1) [-Wunused-dummy-argument],r8init.f,r8init.f
unused_variable,B,1,r8init.f,24,31,Unused variable 'spcd' declared at (1) [-Wunused-variable],r8init.f,r8init.f
unused_label,B,1,r8prep.f,380,3,Label 777 at (1) defined but not used [-Wunused-label],r8prep.f,r8prep.f
unused_label,B,1,r8prep.f,245,3,Label 666 at (1) defined but not used [-Wunused-label],r8prep.f,r8prep.f
type_conversion,A,3,r8prep.f,152,16,Possible change of value in conversion from REAL(4) to INTEGER(4) at (1) [-Wconversion],r8prep.f,r8prep.f
type_conversion,A,3,r8prep.f,188,14,Possible change of value in conversion from REAL(4) to INTEGER(4) at (1) [-Wconversion],r8prep.f,r8prep.f
extension,B,1,r8prep.f,469,3,Legacy Extension: Label at (1) is not in the same block as the GOTO statement at (2),r8prep.f,r8prep.f
unused_variable,B,1,r8prep.f,25,21,Unused variable 'dib17' declared at (1) [-Wunused-variable],r8prep.f,r8prep.f
unused_dummy_argument,B,1,r8prep.f,4,32,Unused dummy argument 'geog' at (1) [-Wunused-dummy-argument],r8prep.f,r8prep.f
unused_variable,B,1,r8prep.f,25,35,Unused variable 'lowrht' declared at (1) [-Wunused-variable],r8prep.f,r8prep.f
unused_variable,B,1,r8prep.f,24,40,Unused variable 'sawht' declared at (1) [-Wunused-variable],r8prep.f,r8prep.f
unused_variable,B,1,r8clkcoef.inc,3,45,Unused variable 'toprat' declared at (1) [-Wunused-variable],r8prep.f,r8clkcoef.inc
unused_variable,B,1,r8prep.f,25,28,Unused variable 'upprht' declared at (1) [-Wunused-variable],r8prep.f,r8prep.f
tab_character,B,1,r8vol2.f,1230,8,Nonconforming tab character at (1) [-Wtabs],r8vol2.f,r8vol2.f
unused_label,B,1,r8vol2.f,1298,3,Label 2 at (1) defined but not used [-Wunused-label],r8vol2.f,r8vol2.f
unused_label,B,1,r8vol2.f,1092,4,Label 999 at (1) defined but not used [-Wunused-label],r8vol2.f,r8vol2.f
type_conversion,A,3,r8vol2.f,432,16,Possible change of value in conversion from REAL(4) to INTEGER(4) at (1) [-Wconversion],r8vol2.f,r8vol2.f
type_conversion,A,3,r8vol2.f,466,14,Possible change of value in conversion from REAL(4) to INTEGER(4) at (1) [-Wconversion],r8vol2.f,r8vol2.f
deleted_feature,B,1,r8vol2.f,1729,20,Deleted feature: End expression in DO loop at (1) must be integer,r8vol2.f,r8vol2.f
extension,B,1,r8vol2.f,1783,24,Legacy Extension: REAL array index at (1),r8vol2.f,r8vol2.f
deleted_feature,B,1,r8vol2.f,1782,24,Deleted feature: End expression in DO loop at (1) must be integer,r8vol2.f,r8vol2.f
type_conversion,A,3,r8vol2.f,1789,17,Possible change of value in conversion from REAL(4) to INTEGER(4) at (1) [-Wconversion],r8vol2.f,r8vol2.f
type_conversion,A,3,r8vol2.f,1790,18,Possible change of value in conversion from REAL(4) to INTEGER(4) at (1) [-Wconversion],r8vol2.f,r8vol2.f
type_conversion,A,3,r8vol2.f,1847,21,Possible change of value in conversion from REAL(4) to INTEGER(4) at (1) [-Wconversion],r8vol2.f,r8vol2.f
unused_variable,B,1,r8vol2.f,1883,28,Unused variable 'coeffs' declared at (1) [-Wunused-variable],r8vol2.f,r8vol2.f
unused_variable,B,1,r8vol2.f,37,40,Unused variable 'df1' declared at (1) [-Wunused-variable],r8vol2.f,r8vol2.f
unused_variable,B,1,r8vol2.f,718,19,Unused variable 'seg1' declared at (1) [-Wunused-variable],r8vol2.f,r8vol2.f
unused_variable,B,1,r8vol2.f,718,24,Unused variable 'seg2' declared at (1) [-Wunused-variable],r8vol2.f,r8vol2.f
unused_variable,B,1,r8vol2.f,718,29,Unused variable 'seg3' declared at (1) [-Wunused-variable],r8vol2.f,r8vol2.f
unused_dummy_argument,B,1,r8vol2.f,1458,59,Unused dummy argument 'errflg' at (1) [-Wunused-dummy-argument],r8vol2.f,r8vol2.f
unused_dummy_argument,B,1,r8vol2.f,1557,43,Unused dummy argument 'errflg' at (1) [-Wunused-dummy-argument],r8vol2.f,r8vol2.f
unused_dummy_argument,B,1,r8vol2.f,1557,36,Unused dummy argument 'q' at (1) [-Wunused-dummy-argument],r8vol2.f,r8vol2.f
unused_dummy_argument,B,1,r8vol2.f,1607,61,Unused dummy argument 'cdpflg' at (1) [-Wunused-dummy-argument],r8vol2.f,r8vol2.f
unused_dummy_argument,B,1,r8vol2.f,1607,54,Unused dummy argument 'cupflg' at (1) [-Wunused-dummy-argument],r8vol2.f,r8vol2.f
unused_dummy_argument,B,1,r8vol2.f,1607,40,Unused dummy argument 'cutflg' at (1) [-Wunused-dummy-argument],r8vol2.f,r8vol2.f
unused_dummy_argument,B,1,r8vol2.f,1935,44,Unused dummy argument 'httot' at (1) [-Wunused-dummy-argument],r8vol2.f,r8vol2.f
tab_character,B,1,r9clark.f,466,39,Nonconforming tab character at (1) [-Wtabs],r9clark.f,r9clark.f
unused_label,B,1,r9clark.f,361,5,Label 520 at (1) defined but not used [-Wunused-label],r9clark.f,r9clark.f
unused_label,B,1,r9clark.f,359,5,Label 500 at (1) defined but not used [-Wunused-label],r9clark.f,r9clark.f
unused_dummy_argument,B,1,r9clark.f,962,37,Unused dummy argument 'errflg' at (1) [-Wunused-dummy-argument],r9clark.f,r9clark.f
unused_variable,B,1,r9clark.f,977,24,Unused variable 'i' declared at (1) [-Wunused-variable],r9clark.f,r9clark.f
unused_variable,B,1,r9clark.f,977,26,Unused variable 'j' declared at (1) [-Wunused-variable],r9clark.f,r9clark.f
unused_variable,B,1,r9clark.f,982,23,Unused variable 'vol' declared at (1) [-Wunused-variable],r9clark.f,r9clark.f
unused_dummy_argument,B,1,r9clark.f,1370,55,Unused dummy argument 'errflg' at (1) [-Wunused-dummy-argument],r9clark.f,r9clark.f
unused_variable,B,1,r9clark.f,1403,20,Unused variable 'logv' declared at (1) [-Wunused-variable],r9clark.f,r9clark.f
unused_dummy_argument,B,1,r9clark.f,1244,49,Unused dummy argument 'errflg' at (1) [-Wunused-dummy-argument],r9clark.f,r9clark.f
unused_variable,B,1,r9clark.f,1259,24,Unused variable 'i' declared at (1) [-Wunused-variable],r9clark.f,r9clark.f
unused_variable,B,1,r9clark.f,1265,18,Unused variable 'res' declared at (1) [-Wunused-variable],r9clark.f,r9clark.f
unused_variable,B,1,r9clark.f,1260,30,Unused variable 'stemht1' declared at (1) [-Wunused-variable],r9clark.f,r9clark.f
unused_variable,B,1,r9clark.f,1260,38,Unused variable 'stemht2' declared at (1) [-Wunused-variable],r9clark.f,r9clark.f
unused_variable,B,1,r9clark.f,1260,46,Unused variable 'stemht3' declared at (1) [-Wunused-variable],r9clark.f,r9clark.f
unused_dummy_argument,B,1,r9clark.f,920,42,Unused dummy argument 'dbhib' at (1) [-Wunused-dummy-argument],r9clark.f,r9clark.f
unused_dummy_argument,B,1,r9clark.f,921,30,Unused dummy argument 'errflg' at (1) [-Wunused-dummy-argument],r9clark.f,r9clark.f
unused_variable,B,1,r9clark.f,838,17,Unused variable 'i' declared at (1) [-Wunused-variable],r9clark.f,r9clark.f
unused_variable,B,1,r9clark.f,510,21,Unused variable 'dib17' declared at (1) [-Wunused-variable],r9clark.f,r9clark.f
unused_variable,B,1,r9clark.f,510,35,Unused variable 'lowrht' declared at (1) [-Wunused-variable],r9clark.f,r9clark.f
unused_variable,B,1,r9clark.f,509,40,Unused variable 'sawht' declared at (1) [-Wunused-variable],r9clark.f,r9clark.f
unused_variable,B,1,r9clark.f,510,28,Unused variable 'upprht' declared at (1) [-Wunused-variable],r9clark.f,r9clark.f
unused_variable,B,1,r9clark.f,84,37,Unused variable 'a17' declared at (1) [-Wunused-variable],r9clark.f,r9clark.f
unused_variable,B,1,r9clark.f,84,30,Unused variable 'a4' declared at (1) [-Wunused-variable],r9clark.f,r9clark.f
unused_variable,B,1,r9clark.f,84,25,Unused variable 'b' declared at (1) [-Wunused-variable],r9clark.f,r9clark.f
unused_variable,B,1,r9clark.f,84,41,Unused variable 'b17' declared at (1) [-Wunused-variable],r9clark.f,r9clark.f
unused_variable,B,1,r9clark.f,84,33,Unused variable 'b4' declared at (1) [-Wunused-variable],r9clark.f,r9clark.f
unused_variable,B,1,r9clark.f,90,38,Unused variable 'brokht' declared at (1) [-Wunused-variable],r9clark.f,r9clark.f
unused_variable,B,1,r9clark.f,84,19,Unused variable 'c' declared at (1) [-Wunused-variable],r9clark.f,r9clark.f
unused_variable,B,1,r9clark.f,85,19,Unused variable 'cf1' declared at (1) [-Wunused-variable],r9clark.f,r9clark.f
unused_variable,B,1,r9clark.f,85,23,Unused variable 'cf2' declared at (1) [-Wunused-variable],r9clark.f,r9clark.f
unused_variable,B,1,r9clark.f,85,27,Unused variable 'cf3' declared at (1) [-Wunused-variable],r9clark.f,r9clark.f
unused_variable,B,1,r9clark.f,83,59,Unused variable 'dbhib' declared at (1) [-Wunused-variable],r9clark.f,r9clark.f
unused_variable,B,1,r9clark.f,83,65,Unused variable 'dib17' declared at (1) [-Wunused-variable],r9clark.f,r9clark.f
unused_variable,B,1,r9clark.f,86,29,Unused variable 'dob17' declared at (1) [-Wunused-variable],r9clark.f,r9clark.f
unused_variable,B,1,r9clark.f,84,21,Unused variable 'e' declared at (1) [-Wunused-variable],r9clark.f,r9clark.f
unused_variable,B,1,r9clark.f,84,23,Unused variable 'p' declared at (1) [-Wunused-variable],r9clark.f,r9clark.f
unused_variable,B,1,r9clark.f,84,17,Unused variable 'r' declared at (1) [-Wunused-variable],r9clark.f,r9clark.f
unused_variable,B,1,r9clark.f,83,53,Unused variable 'totht' declared at (1) [-Wunused-variable],r9clark.f,r9clark.f
unused_variable,B,1,r9clark.f,1136,17,Unused variable 'i' declared at (1) [-Wunused-variable],r9clark.f,r9clark.f
unused_variable,B,1,r9clarkdib.f,34,37,Unused variable 'a17' declared at (1) [-Wunused-variable],r9clarkdib.f,r9clarkdib.f
unused_variable,B,1,r9clarkdib.f,34,30,Unused variable 'a4' declared at (1) [-Wunused-variable],r9clarkdib.f,r9clarkdib.f
unused_variable,B,1,r9clarkdib.f,34,25,Unused variable 'b' declared at (1) [-Wunused-variable],r9clarkdib.f,r9clarkdib.f
unused_variable,B,1,r9clarkdib.f,34,41,Unused variable 'b17' declared at (1) [-Wunused-variable],r9clarkdib.f,r9clarkdib.f
unused_variable,B,1,r9clarkdib.f,34,33,Unused variable 'b4' declared at (1) [-Wunused-variable],r9clarkdib.f,r9clarkdib.f
unused_variable,B,1,r9clarkdib.f,25,40,Unused variable 'bfpflg' declared at (1) [-Wunused-variable],r9clarkdib.f,r9clarkdib.f
unused_variable,B,1,r9clarkdib.f,30,34,Unused variable 'brokht' declared at (1) [-Wunused-variable],r9clarkdib.f,r9clarkdib.f
unused_variable,B,1,r9clarkdib.f,34,19,Unused variable 'c' declared at (1) [-Wunused-variable],r9clarkdib.f,r9clarkdib.f
unused_variable,B,1,r9clarkdib.f,25,60,Unused variable 'cdpflg' declared at (1) [-Wunused-variable],r9clarkdib.f,r9clarkdib.f
unused_variable,B,1,r9clarkdib.f,35,19,Unused variable 'cf1' declared at (1) [-Wunused-variable],r9clarkdib.f,r9clarkdib.f
unused_variable,B,1,r9clarkdib.f,35,23,Unused variable 'cf2' declared at (1) [-Wunused-variable],r9clarkdib.f,r9clarkdib.f
unused_variable,B,1,r9clarkdib.f,35,27,Unused variable 'cf3' declared at (1) [-Wunused-variable],r9clarkdib.f,r9clarkdib.f
unused_variable,B,1,r9clarkdib.f,34,47,Unused variable 'cfvol' declared at (1) [-Wunused-variable],r9clarkdib.f,r9clarkdib.f
unused_variable,B,1,r9clarkdib.f,25,47,Unused variable 'cupflg' declared at (1) [-Wunused-variable],r9clarkdib.f,r9clarkdib.f
unused_variable,B,1,r9clarkdib.f,25,33,Unused variable 'cutflg' declared at (1) [-Wunused-variable],r9clarkdib.f,r9clarkdib.f
unused_variable,B,1,r9clarkdib.f,33,59,Unused variable 'dbhib' declared at (1) [-Wunused-variable],r9clarkdib.f,r9clarkdib.f
unused_variable,B,1,r9clarkdib.f,33,65,Unused variable 'dib17' declared at (1) [-Wunused-variable],r9clarkdib.f,r9clarkdib.f
unused_variable,B,1,r9clarkdib.f,34,21,Unused variable 'e' declared at (1) [-Wunused-variable],r9clarkdib.f,r9clarkdib.f
unused_variable,B,1,r9clarkdib.f,32,28,Unused variable 'i' declared at (1) [-Wunused-variable],r9clarkdib.f,r9clarkdib.f
unused_variable,B,1,r9clarkdib.f,32,30,Unused variable 'j' declared at (1) [-Wunused-variable],r9clarkdib.f,r9clarkdib.f
unused_variable,B,1,r9clarkdib.f,29,60,Unused variable 'logdia' declared at (1) [-Wunused-variable],r9clarkdib.f,r9clarkdib.f
unused_variable,B,1,r9clarkdib.f,29,34,Unused variable 'loglen' declared at (1) [-Wunused-variable],r9clarkdib.f,r9clarkdib.f
unused_variable,B,1,r9clarkdib.f,29,47,Unused variable 'logvol' declared at (1) [-Wunused-variable],r9clarkdib.f,r9clarkdib.f
unused_variable,B,1,r9clarkdib.f,34,23,Unused variable 'p' declared at (1) [-Wunused-variable],r9clarkdib.f,r9clarkdib.f
unused_variable,B,1,r9clarkdib.f,33,35,Unused variable 'plpht' declared at (1) [-Wunused-variable],r9clarkdib.f,r9clarkdib.f
unused_variable,B,1,r9clarkdib.f,34,17,Unused variable 'r' declared at (1) [-Wunused-variable],r9clarkdib.f,r9clarkdib.f
unused_variable,B,1,r9clarkdib.f,33,41,Unused variable 'sawht' declared at (1) [-Wunused-variable],r9clarkdib.f,r9clarkdib.f
unused_variable,B,1,r9clarkdib.f,25,53,Unused variable 'spflg' declared at (1) [-Wunused-variable],r9clarkdib.f,r9clarkdib.f
unused_variable,B,1,r9clarkdib.f,34,54,Unused variable 'tcfvol' declared at (1) [-Wunused-variable],r9clarkdib.f,r9clarkdib.f
unused_variable,B,1,r9clarkdib.f,33,53,Unused variable 'totht' declared at (1) [-Wunused-variable],r9clarkdib.f,r9clarkdib.f
unused_variable,B,1,r9clarkdib.f,29,23,Unused variable 'vol' declared at (1) [-Wunused-variable],r9clarkdib.f,r9clarkdib.f
tab_character,B,1,r9init.f,57,18,Nonconforming tab character at (1) [-Wtabs],r9init.f,r9init.f
tab_character,B,1,r9init.f,68,18,Nonconforming tab character at (1) [-Wtabs],r9init.f,r9init.f
tab_character,B,1,r9init.f,75,18,Nonconforming tab character at (1) [-Wtabs],r9init.f,r9init.f
tab_character,B,1,r9init.f,82,18,Nonconforming tab character at (1) [-Wtabs],r9init.f,r9init.f
unused_label,B,1,r9vol.f,441,5,Label 999 at (1) defined but not used [-Wunused-label],r9vol.f,r9vol.f
type_conversion,A,3,r9vol.f,398,19,Possible change of value in conversion from REAL(8) to REAL(4) at (1) [-Wconversion],r9vol.f,r9vol.f
unused_dummy_argument,B,1,r9vol.f,445,24,Unused dummy argument 'bfpflg' at (1) [-Wunused-dummy-argument],r9vol.f,r9vol.f
unused_dummy_argument,B,1,r9vol.f,445,31,Unused dummy argument 'cupflg' at (1) [-Wunused-dummy-argument],r9vol.f,r9vol.f
unused_dummy_argument,B,1,r9vol.f,445,37,Unused dummy argument 'spflg' at (1) [-Wunused-dummy-argument],r9vol.f,r9vol.f
type_conversion,A,3,scrib.f,150,9,Possible change of value in conversion from REAL(4) to INTEGER(4) at (1) [-Wconversion],scrib.f,scrib.f
type_conversion,A,3,scrib.f,152,44,Possible change of value in conversion from REAL(4) to INTEGER(4) at (1) [-Wconversion],scrib.f,scrib.f
type_conversion,A,3,scrib.f,153,44,Possible change of value in conversion from REAL(4) to INTEGER(4) at (1) [-Wconversion],scrib.f,scrib.f
type_conversion,A,3,scrib.f,170,17,Possible change of value in conversion from REAL(4) to INTEGER(4) at (1) [-Wconversion],scrib.f,scrib.f
type_conversion,A,3,sf_3pt.f,160,22,Possible change of value in conversion from REAL(8) to REAL(4) at (1) [-Wconversion],sf_3pt.f,sf_3pt.f
type_conversion,A,3,sf_3pt.f,161,22,Possible change of value in conversion from REAL(8) to REAL(4) at (1) [-Wconversion],sf_3pt.f,sf_3pt.f
unused_variable,B,1,sf_3pt.f,24,36,Unused variable 'brk_upa2' declared at (1) [-Wunused-variable],sf_3pt.f,sf_3pt.f
unused_variable,B,1,sf_3pt.f,32,28,Unused variable 'whitenoise' declared at (1) [-Wunused-variable],sf_3pt.f,sf_3pt.f
type_conversion,A,3,sf_3z.f,79,23,Possible change of value in conversion from REAL(8) to REAL(4) at (1) [-Wconversion],sf_3z.f,sf_3z.f
type_conversion,A,3,sf_3z.f,80,23,Possible change of value in conversion from REAL(8) to REAL(4) at (1) [-Wconversion],sf_3z.f,sf_3z.f
uninitialized,A,3,sf_corr.f,30,72,'__result_sf_corr' may be used uninitialized [-Wmaybe-uninitialized],sf_corr.f,sf_corr.f
uninitialized,A,3,sf_corr.f,33,72,'__result_sf_corr' may be used uninitialized [-Wmaybe-uninitialized],sf_corr.f,sf_corr.f
uninitialized,A,3,sf_corr.f,41,72,'__result_sf_corr' may be used uninitialized [-Wmaybe-uninitialized],sf_corr.f,sf_corr.f
type_conversion,A,3,sf_taper.f,87,18,Possible change of value in conversion from REAL(8) to REAL(4) at (1) [-Wconversion],sf_taper.f,sf_taper.f
type_conversion,A,3,sf_taper.f,88,18,Possible change of value in conversion from REAL(8) to REAL(4) at (1) [-Wconversion],sf_taper.f,sf_taper.f
type_conversion,A,3,sf_taper.f,89,18,Possible change of value in conversion from REAL(8) to REAL(4) at (1) [-Wconversion],sf_taper.f,sf_taper.f
type_conversion,A,3,sf_taper.f,90,18,Possible change of value in conversion from REAL(8) to REAL(4) at (1) [-Wconversion],sf_taper.f,sf_taper.f
type_conversion,A,3,sf_taper.f,91,18,Possible change of value in conversion from REAL(8) to REAL(4) at (1) [-Wconversion],sf_taper.f,sf_taper.f
type_conversion,A,3,sf_taper.f,92,18,Possible change of value in conversion from REAL(8) to REAL(4) at (1) [-Wconversion],sf_taper.f,sf_taper.f
type_conversion,A,3,sf_taper.f,93,18,Possible change of value in conversion from REAL(8) to REAL(4) at (1) [-Wconversion],sf_taper.f,sf_taper.f
type_conversion,A,3,sf_taper.f,94,18,Possible change of value in conversion from REAL(8) to REAL(4) at (1) [-Wconversion],sf_taper.f,sf_taper.f
type_conversion,A,3,sf_taper.f,95,18,Possible change of value in conversion from REAL(8) to REAL(4) at (1) [-Wconversion],sf_taper.f,sf_taper.f
type_conversion,A,3,sf_taper.f,96,19,Possible change of value in conversion from REAL(8) to REAL(4) at (1) [-Wconversion],sf_taper.f,sf_taper.f
type_conversion,A,3,sf_taper.f,97,19,Possible change of value in conversion from REAL(8) to REAL(4) at (1) [-Wconversion],sf_taper.f,sf_taper.f
type_conversion,A,3,sf_taper.f,98,19,Possible change of value in conversion from REAL(8) to REAL(4) at (1) [-Wconversion],sf_taper.f,sf_taper.f
type_conversion,A,3,sf_yhat.f,75,35,Possible change of value in conversion from REAL(8) to REAL(4) at (1) [-Wconversion],sf_yhat.f,sf_yhat.f
type_conversion,A,3,sf_yhat.f,129,26,Possible change of value in conversion from REAL(8) to REAL(4) at (1) [-Wconversion],sf_yhat.f,sf_yhat.f
type_conversion,A,3,sf_yhat.f,161,18,Possible change of value in conversion from REAL(8) to REAL(4) at (1) [-Wconversion],sf_yhat.f,sf_yhat.f
type_conversion,A,3,sf_yhat.f,164,14,Possible change of value in conversion from REAL(8) to REAL(4) at (1) [-Wconversion],sf_yhat.f,sf_yhat.f
deleted_feature,B,1,sf_zero.f,290,72,Fortran 2018 deleted feature: Arithmetic IF statement at (1),sf_zero.f,sf_zero.f
deleted_feature,B,1,sf_zero.f,310,72,Fortran 2018 deleted feature: Arithmetic IF statement at (1),sf_zero.f,sf_zero.f
deleted_feature,B,1,sf_zero.f,311,72,Fortran 2018 deleted feature: Arithmetic IF statement at (1),sf_zero.f,sf_zero.f
deleted_feature,B,1,sf_zero.f,312,72,Fortran 2018 deleted feature: Arithmetic IF statement at (1),sf_zero.f,sf_zero.f
deleted_feature,B,1,sf_zero.f,357,72,Fortran 2018 deleted feature: Arithmetic IF statement at (1),sf_zero.f,sf_zero.f
deleted_feature,B,1,sf_zero.f,366,72,Fortran 2018 deleted feature: Arithmetic IF statement at (1),sf_zero.f,sf_zero.f
deleted_feature,B,1,sf_zero.f,393,72,Fortran 2018 deleted feature: Arithmetic IF statement at (1),sf_zero.f,sf_zero.f
deleted_feature,B,1,sf_zero.f,427,72,Fortran 2018 deleted feature: Arithmetic IF statement at (1),sf_zero.f,sf_zero.f
deleted_feature,B,1,sf_zero.f,433,72,Fortran 2018 deleted feature: Arithmetic IF statement at (1),sf_zero.f,sf_zero.f
deleted_feature,B,1,sf_zero.f,454,72,Fortran 2018 deleted feature: Arithmetic IF statement at (1),sf_zero.f,sf_zero.f
deleted_feature,B,1,sf_zero.f,475,72,Fortran 2018 deleted feature: Arithmetic IF statement at (1),sf_zero.f,sf_zero.f
integer_division,A,3,sf_zero.f,948,61,Integer division truncated to constant '-62' at (1) [-Winteger-division],sf_zero.f,sf_zero.f
integer_division,A,3,sf_zero.f,965,61,Integer division truncated to constant '-510' at (1) [-Winteger-division],sf_zero.f,sf_zero.f
unused_variable,B,1,stump.f,251,37,Unused variable 'half' declared at (1) [-Wunused-variable],stump.f,stump.f
unused_variable,B,1,stump.f,251,21,Unused variable 'loc' declared at (1) [-Wunused-variable],stump.f,stump.f
tab_character,B,1,volapss.f,59,15,Nonconforming tab character at (1) [-Wtabs],volapss.f,volapss.f
unused_variable,B,1,volapss.f,81,24,Unused variable 'cr' declared at (1) [-Wunused-variable],volapss.f,volapss.f
unused_variable,B,1,volapss.f,71,26,Unused variable 'dist' declared at (1) [-Wunused-variable],volapss.f,volapss.f
unused_variable,B,1,volapss.f,72,27,Unused variable 'eqnum' declared at (1) [-Wunused-variable],volapss.f,volapss.f
unused_variable,B,1,volapss.f,88,23,Unused variable 'i' declared at (1) [-Wunused-variable],volapss.f,volapss.f
unused_dummy_argument,B,1,volapss.f,1,57,Unused dummy argument 'i15' at (1) [-Wunused-dummy-argument],volapss.f,volapss.f
unused_variable,B,1,volapss.f,85,28,Unused variable 'iforst' declared at (1) [-Wunused-variable],volapss.f,volapss.f
unused_variable,B,1,volapss.f,88,26,Unused variable 'j' declared at (1) [-Wunused-variable],volapss.f,volapss.f
unused_variable,B,1,volapss.f,77,36,Unused variable 'maxlen' declared at (1) [-Wunused-variable],volapss.f,volapss.f
unused_variable,B,1,volapss.f,70,25,Unused variable 'mdl' declared at (1) [-Wunused-variable],volapss.f,volapss.f
unused_variable,B,1,volapss.f,82,28,Unused variable 'spcode' declared at (1) [-Wunused-variable],volapss.f,volapss.f
unused_variable,B,1,volapss.f,73,26,Unused variable 'spec' declared at (1) [-Wunused-variable],volapss.f,volapss.f
unused_variable,B,1,volapss.f,70,33,Unused variable 'species' declared at (1) [-Wunused-variable],volapss.f,volapss.f
unused_variable,B,1,volapss.f,77,26,Unused variable 'tht1' declared at (1) [-Wunused-variable],volapss.f,volapss.f
unused_variable,B,1,volapss.f,81,30,Unused variable 'trim' declared at (1) [-Wunused-variable],volapss.f,volapss.f
unused_variable,B,1,volapss.f,71,30,Unused variable 'var' declared at (1) [-Wunused-variable],volapss.f,volapss.f
unused_variable,B,1,volapss.f,221,26,Unused variable 'dist' declared at (1) [-Wunused-variable],volapss.f,volapss.f
unused_variable,B,1,volapss.f,222,27,Unused variable 'eqnum' declared at (1) [-Wunused-variable],volapss.f,volapss.f
unused_dummy_argument,B,1,volapss.f,174,59,Unused dummy argument 'i15' at (1) [-Wunused-dummy-argument],volapss.f,volapss.f
unused_variable,B,1,volapss.f,220,25,Unused variable 'mdl' declared at (1) [-Wunused-variable],volapss.f,volapss.f
unused_variable,B,1,volapss.f,223,26,Unused variable 'spec' declared at (1) [-Wunused-variable],volapss.f,volapss.f
unused_variable,B,1,volapss.f,220,33,Unused variable 'species' declared at (1) [-Wunused-variable],volapss.f,volapss.f
unused_variable,B,1,volapss.f,221,30,Unused variable 'var' declared at (1) [-Wunused-variable],volapss.f,volapss.f
unused_variable,B,1,voleqdef.f,2679,28,Unused variable 'dist' declared at (1) [-Wunused-variable],voleqdef.f,voleqdef.f
unused_variable,B,1,voleqdef.f,2594,28,Unused variable 'dist' declared at (1) [-Wunused-variable],voleqdef.f,voleqdef.f
unused_dummy_argument,B,1,voleqdef.f,2593,32,Unused dummy argument 'forst' at (1) [-Wunused-dummy-argument],voleqdef.f,voleqdef.f
unused_dummy_argument,B,1,voleqdef.f,2593,41,Unused dummy argument 'var' at (1) [-Wunused-dummy-argument],voleqdef.f,voleqdef.f
unused_variable,B,1,voleqdef.f,62,22,Unused variable 'vver' declared at (1) [-Wunused-variable],voleqdef.f,voleqdef.f
unused_variable,B,1,voleqdef.f,2100,33,Unused variable 'fornum' declared at (1) [-Wunused-variable],voleqdef.f,voleqdef.f
unused_dummy_argument,B,1,voleqdef.f,2096,29,Unused dummy argument 'forst' at (1) [-Wunused-dummy-argument],voleqdef.f,voleqdef.f
unused_variable,B,1,voleqdef.f,2098,25,Unused variable 'geoarea' declared at (1) [-Wunused-variable],voleqdef.f,voleqdef.f
unused_variable,B,1,voleqdef.f,2098,48,Unused variable 'geocodes' declared at (1) [-Wunused-variable],voleqdef.f,voleqdef.f
unused_variable,B,1,voleqdef.f,2097,31,Unused variable 'veqtem' declared at (1) [-Wunused-variable],voleqdef.f,voleqdef.f
unused_dummy_argument,B,1,voleqdef.f,1896,45,Unused dummy argument 'prod' at (1) [-Wunused-dummy-argument],voleqdef.f,voleqdef.f
unused_dummy_argument,B,1,voleqdef.f,1896,49,Unused dummy argument 'var' at (1) [-Wunused-dummy-argument],voleqdef.f,voleqdef.f
unused_dummy_argument,B,1,voleqdef.f,1686,45,Unused dummy argument 'prod' at (1) [-Wunused-dummy-argument],voleqdef.f,voleqdef.f
unused_dummy_argument,B,1,voleqdef.f,1686,49,Unused dummy argument 'var' at (1) [-Wunused-dummy-argument],voleqdef.f,voleqdef.f
tab_character,B,1,volinit.f,62,13,Nonconforming tab character at (1) [-Wtabs],volinit.f,volinit.f
tab_character,B,1,volinit.f,63,13,Nonconforming tab character at (1) [-Wtabs],volinit.f,volinit.f
tab_character,B,1,volinit.f,68,16,Nonconforming tab character at (1) [-Wtabs],volinit.f,volinit.f
tab_character,B,1,volinit.f,76,13,Nonconforming tab character at (1) [-Wtabs],volinit.f,volinit.f
tab_character,B,1,volinit.f,77,12,Nonconforming tab character at (1) [-Wtabs],volinit.f,volinit.f
unused_label,B,1,volinit.f,666,5,Label 520 at (1) defined but not used [-Wunused-label],volinit.f,volinit.f
unused_label,B,1,volinit.f,663,5,Label 508 at (1) defined but not used [-Wunused-label],volinit.f,volinit.f
unused_label,B,1,volinit.f,657,3,Label 504 at (1) defined but not used [-Wunused-label],volinit.f,volinit.f
unused_label,B,1,volinit.f,654,3,Label 500 at (1) defined but not used [-Wunused-label],volinit.f,volinit.f
type_conversion,A,3,volinit.f,296,16,Possible change of value in conversion from REAL(4) to INTEGER(4) at (1) [-Wconversion],volinit.f,volinit.f
type_conversion,A,3,volinit.f,358,21,Possible change of value in conversion from REAL(4) to INTEGER(4) at (1) [-Wconversion],volinit.f,volinit.f
type_conversion,A,3,volinit.f,488,18,Possible change of value in conversion from REAL(4) to INTEGER(4) at (1) [-Wconversion],volinit.f,volinit.f
unused_variable,B,1,volinit.f,84,24,Unused variable 'bms' declared at (1) [-Wunused-variable],volinit.f,volinit.f
unused_variable,B,1,volinit.f,63,38,Unused variable 'cr' declared at (1) [-Wunused-variable],volinit.f,volinit.f
unused_variable,B,1,volinit.f,85,26,Unused variable 'forest' declared at (1) [-Wunused-variable],volinit.f,volinit.f
unused_variable,B,1,volinit.f,80,19,Unused variable 'stumpdib' declared at (1) [-Wunused-variable],volinit.f,volinit.f
unused_variable,B,1,volinit.f,80,29,Unused variable 'stumpdob' declared at (1) [-Wunused-variable],volinit.f,volinit.f
unused_variable,B,1,volinit.f,59,25,Unused variable 'tipdib' declared at (1) [-Wunused-variable],volinit.f,volinit.f
unused_variable,B,1,volinit.f,59,32,Unused variable 'tiplen' declared at (1) [-Wunused-variable],volinit.f,volinit.f
unused_variable,B,1,volinit.f,84,16,Unused variable 'wf' declared at (1) [-Wunused-variable],volinit.f,volinit.f
unused_variable,B,1,volinit.f,719,22,Unused variable 'spcd' declared at (1) [-Wunused-variable],volinit.f,volinit.f
unused_variable,B,1,volinit.f,722,50,Unused variable 'spregnwf' declared at (1) [-Wunused-variable],volinit.f,volinit.f
tab_character,B,1,volinit2.f,49,13,Nonconforming tab character at (1) [-Wtabs],volinit2.f,volinit2.f
tab_character,B,1,volinit2.f,50,13,Nonconforming tab character at (1) [-Wtabs],volinit2.f,volinit2.f
tab_character,B,1,volinit2.f,55,16,Nonconforming tab character at (1) [-Wtabs],volinit2.f,volinit2.f
tab_character,B,1,volinit2.f,63,13,Nonconforming tab character at (1) [-Wtabs],volinit2.f,volinit2.f
tab_character,B,1,volinit2.f,64,12,Nonconforming tab character at (1) [-Wtabs],volinit2.f,volinit2.f
type_conversion,A,3,volinit2.f,165,16,Possible change of value in conversion from REAL(4) to INTEGER(4) at (1) [-Wconversion],volinit2.f,volinit2.f
type_conversion,A,3,volinit2.f,224,21,Possible change of value in conversion from REAL(4) to INTEGER(4) at (1) [-Wconversion],volinit2.f,volinit2.f
type_conversion,A,3,volinit2.f,331,18,Possible change of value in conversion from REAL(4) to INTEGER(4) at (1) [-Wconversion],volinit2.f,volinit2.f
unused_variable,B,1,volinit2.f,50,40,Unused variable 'cr' declared at (1) [-Wunused-variable],volinit2.f,volinit2.f
tab_character,B,1,vollib09.f,62,15,Nonconforming tab character at (1) [-Wtabs],vollib09.f,vollib09.f
unused_variable,B,1,vollib09.f,83,24,Unused variable 'cr' declared at (1) [-Wunused-variable],vollib09.f,vollib09.f
unused_variable,B,1,vollib09.f,73,26,Unused variable 'dist' declared at (1) [-Wunused-variable],vollib09.f,vollib09.f
unused_variable,B,1,vollib09.f,74,27,Unused variable 'eqnum' declared at (1) [-Wunused-variable],vollib09.f,vollib09.f
unused_variable,B,1,vollib09.f,90,23,Unused variable 'i' declared at (1) [-Wunused-variable],vollib09.f,vollib09.f
unused_variable,B,1,vollib09.f,87,28,Unused variable 'iforst' declared at (1) [-Wunused-variable],vollib09.f,vollib09.f
unused_variable,B,1,vollib09.f,90,26,Unused variable 'j' declared at (1) [-Wunused-variable],vollib09.f,vollib09.f
unused_variable,B,1,vollib09.f,79,36,Unused variable 'maxlen' declared at (1) [-Wunused-variable],vollib09.f,vollib09.f
unused_variable,B,1,vollib09.f,72,25,Unused variable 'mdl' declared at (1) [-Wunused-variable],vollib09.f,vollib09.f
unused_variable,B,1,vollib09.f,84,28,Unused variable 'spcode' declared at (1) [-Wunused-variable],vollib09.f,vollib09.f
unused_variable,B,1,vollib09.f,75,26,Unused variable 'spec' declared at (1) [-Wunused-variable],vollib09.f,vollib09.f
unused_variable,B,1,vollib09.f,72,33,Unused variable 'species' declared at (1) [-Wunused-variable],vollib09.f,vollib09.f
unused_variable,B,1,vollib09.f,79,26,Unused variable 'tht1' declared at (1) [-Wunused-variable],vollib09.f,vollib09.f
unused_variable,B,1,vollib09.f,83,30,Unused variable 'trim' declared at (1) [-Wunused-variable],vollib09.f,vollib09.f
unused_variable,B,1,vollib09.f,73,30,Unused variable 'var' declared at (1) [-Wunused-variable],vollib09.f,vollib09.f
unused_label,B,1,vollibcs.f,203,5,Label 4000 at (1) defined but not used [-Wunused-label],vollibcs.f,vollibcs.f
unused_variable,B,1,vollibcs.f,50,68,Unused variable 'cdsflg' declared at (1) [-Wunused-variable],vollibcs.f,vollibcs.f
unused_variable,B,1,vollibcs.f,50,60,Unused variable 'cusflg' declared at (1) [-Wunused-variable],vollibcs.f,vollibcs.f
unused_variable,B,1,vollibcs.f,78,55,Unused variable 'dibo' declared at (1) [-Wunused-variable],vollibcs.f,vollibcs.f
unused_variable,B,1,vollibcs.f,75,25,Unused variable 'dist' declared at (1) [-Wunused-variable],vollibcs.f,vollibcs.f
unused_variable,B,1,vollibcs.f,76,26,Unused variable 'eqnum' declared at (1) [-Wunused-variable],vollibcs.f,vollibcs.f
unused_variable,B,1,vollibcs.f,55,28,Unused variable 'errflg' declared at (1) [-Wunused-variable],vollibcs.f,vollibcs.f
unused_dummy_argument,B,1,vollibcs.f,20,37,Unused dummy argument 'indeb' at (1) [-Wunused-dummy-argument],vollibcs.f,vollibcs.f
unused_variable,B,1,vollibcs.f,74,24,Unused variable 'mdl' declared at (1) [-Wunused-variable],vollibcs.f,vollibcs.f
unused_variable,B,1,vollibcs.f,77,25,Unused variable 'spec' declared at (1) [-Wunused-variable],vollibcs.f,vollibcs.f
unused_variable,B,1,vollibcs.f,74,32,Unused variable 'species' declared at (1) [-Wunused-variable],vollibcs.f,vollibcs.f
unused_variable,B,1,vollibcs.f,78,60,Unused variable 'tcu' declared at (1) [-Wunused-variable],vollibcs.f,vollibcs.f
unused_variable,B,1,vollibcs.f,75,29,Unused variable 'var' declared at (1) [-Wunused-variable],vollibcs.f,vollibcs.f
unused_variable,B,1,vollibcs.f,249,68,Unused variable 'cdsflg' declared at (1) [-Wunused-variable],vollibcs.f,vollibcs.f
unused_variable,B,1,vollibcs.f,249,60,Unused variable 'cusflg' declared at (1) [-Wunused-variable],vollibcs.f,vollibcs.f
unused_variable,B,1,vollibcs.f,276,55,Unused variable 'dibo' declared at (1) [-Wunused-variable],vollibcs.f,vollibcs.f
unused_variable,B,1,vollibcs.f,273,25,Unused variable 'dist' declared at (1) [-Wunused-variable],vollibcs.f,vollibcs.f
unused_variable,B,1,vollibcs.f,274,26,Unused variable 'eqnum' declared at (1) [-Wunused-variable],vollibcs.f,vollibcs.f
unused_variable,B,1,vollibcs.f,254,28,Unused variable 'errflg' declared at (1) [-Wunused-variable],vollibcs.f,vollibcs.f
unused_variable,B,1,vollibcs.f,272,24,Unused variable 'mdl' declared at (1) [-Wunused-variable],vollibcs.f,vollibcs.f
unused_variable,B,1,vollibcs.f,275,25,Unused variable 'spec' declared at (1) [-Wunused-variable],vollibcs.f,vollibcs.f
unused_variable,B,1,vollibcs.f,272,32,Unused variable 'species' declared at (1) [-Wunused-variable],vollibcs.f,vollibcs.f
unused_variable,B,1,vollibcs.f,273,29,Unused variable 'var' declared at (1) [-Wunused-variable],vollibcs.f,vollibcs.f
unused_variable,B,1,vollibcs.f,373,21,Unused variable 'mdl' declared at (1) [-Wunused-variable],vollibcs.f,vollibcs.f
unused_variable,B,1,vollibcs.f,413,21,Unused variable 'mdl' declared at (1) [-Wunused-variable],vollibcs.f,vollibcs.f
unused_variable,B,1,vollibcs.f,446,21,Unused variable 'ba' declared at (1) [-Wunused-variable],vollibcs.f,vollibcs.f
unused_variable,B,1,vollibcs.f,446,24,Unused variable 'si' declared at (1) [-Wunused-variable],vollibcs.f,vollibcs.f
unused_variable,B,1,vollibcs.f,660,55,Unused variable 'wfi' declared at (1) [-Wunused-variable],vollibcs.f,vollibcs.f
unused_variable,B,1,vollibcs.f,732,68,Unused variable 'cdsflg' declared at (1) [-Wunused-variable],vollibcs.f,vollibcs.f
unused_variable,B,1,vollibcs.f,732,60,Unused variable 'cusflg' declared at (1) [-Wunused-variable],vollibcs.f,vollibcs.f
unused_variable,B,1,vollibcs.f,734,28,Unused variable 'errflg' declared at (1) [-Wunused-variable],vollibcs.f,vollibcs.f
tab_character,B,1,vollibfia.f,53,13,Nonconforming tab character at (1) [-Wtabs],vollibfia.f,vollibfia.f
tab_character,B,1,vollibfia.f,54,13,Nonconforming tab character at (1) [-Wtabs],vollibfia.f,vollibfia.f
tab_character,B,1,vollibfia.f,59,16,Nonconforming tab character at (1) [-Wtabs],vollibfia.f,vollibfia.f
tab_character,B,1,vollibfia.f,67,13,Nonconforming tab character at (1) [-Wtabs],vollibfia.f,vollibfia.f
tab_character,B,1,vollibfia.f,68,12,Nonconforming tab character at (1) [-Wtabs],vollibfia.f,vollibfia.f
tab_character,B,1,vollibfia.f,182,13,Nonconforming tab character at (1) [-Wtabs],vollibfia.f,vollibfia.f
tab_character,B,1,vollibfia.f,183,13,Nonconforming tab character at (1) [-Wtabs],vollibfia.f,vollibfia.f
tab_character,B,1,vollibfia.f,188,16,Nonconforming tab character at (1) [-Wtabs],vollibfia.f,vollibfia.f
tab_character,B,1,vollibfia.f,196,13,Nonconforming tab character at (1) [-Wtabs],vollibfia.f,vollibfia.f
tab_character,B,1,vollibfia.f,197,12,Nonconforming tab character at (1) [-Wtabs],vollibfia.f,vollibfia.f
tab_character,B,1,vollibfia.f,303,13,Nonconforming tab character at (1) [-Wtabs],vollibfia.f,vollibfia.f
tab_character,B,1,vollibfia.f,304,13,Nonconforming tab character at (1) [-Wtabs],vollibfia.f,vollibfia.f
tab_character,B,1,vollibfia.f,309,16,Nonconforming tab character at (1) [-Wtabs],vollibfia.f,vollibfia.f
tab_character,B,1,vollibfia.f,317,13,Nonconforming tab character at (1) [-Wtabs],vollibfia.f,vollibfia.f
tab_character,B,1,vollibfia.f,318,12,Nonconforming tab character at (1) [-Wtabs],vollibfia.f,vollibfia.f
tab_character,B,1,vollibfia.f,426,13,Nonconforming tab character at (1) [-Wtabs],vollibfia.f,vollibfia.f
tab_character,B,1,vollibfia.f,427,13,Nonconforming tab character at (1) [-Wtabs],vollibfia.f,vollibfia.f
tab_character,B,1,vollibfia.f,432,16,Nonconforming tab character at (1) [-Wtabs],vollibfia.f,vollibfia.f
tab_character,B,1,vollibfia.f,440,13,Nonconforming tab character at (1) [-Wtabs],vollibfia.f,vollibfia.f
tab_character,B,1,vollibfia.f,441,12,Nonconforming tab character at (1) [-Wtabs],vollibfia.f,vollibfia.f
unused_variable,B,1,vollibfia.f,75,24,Unused variable 'bms' declared at (1) [-Wunused-variable],vollibfia.f,vollibfia.f
unused_variable,B,1,vollibfia.f,54,36,Unused variable 'cr' declared at (1) [-Wunused-variable],vollibfia.f,vollibfia.f
unused_dummy_argument,B,1,vollibfia.f,3,61,Unused dummy argument 'dia_centroid' at (1) [-Wunused-dummy-argument],vollibfia.f,vollibfia.f
unused_variable,B,1,vollibfia.f,72,14,Unused variable 'dib' declared at (1) [-Wunused-variable],vollibfia.f,vollibfia.f
unused_variable,B,1,vollibfia.f,41,23,Unused variable 'dist' declared at (1) [-Wunused-variable],vollibfia.f,vollibfia.f
unused_variable,B,1,vollibfia.f,72,18,Unused variable 'dob' declared at (1) [-Wunused-variable],vollibfia.f,vollibfia.f
unused_variable,B,1,vollibfia.f,43,24,Unused variable 'eqnum' declared at (1) [-Wunused-variable],vollibfia.f,vollibfia.f
unused_variable,B,1,vollibfia.f,76,26,Unused variable 'forest' declared at (1) [-Wunused-variable],vollibfia.f,vollibfia.f
unused_dummy_argument,B,1,vollibfia.f,3,35,Unused dummy argument 'ht_break' at (1) [-Wunused-dummy-argument],vollibfia.f,vollibfia.f
unused_dummy_argument,B,1,vollibfia.f,4,38,Unused dummy argument 'ht_centroid' at (1) [-Wunused-dummy-argument],vollibfia.f,vollibfia.f
unused_variable,B,1,vollibfia.f,72,23,Unused variable 'htup' declared at (1) [-Wunused-variable],vollibfia.f,vollibfia.f
unused_variable,B,1,vollibfia.f,66,35,Unused variable 'i' declared at (1) [-Wunused-variable],vollibfia.f,vollibfia.f
unused_variable,B,1,vollibfia.f,66,37,Unused variable 'j' declared at (1) [-Wunused-variable],vollibfia.f,vollibfia.f
unused_variable,B,1,vollibfia.f,53,38,Unused variable 'leftov' declared at (1) [-Wunused-variable],vollibfia.f,vollibfia.f
unused_variable,B,1,vollibfia.f,48,50,Unused variable 'maxlen' declared at (1) [-Wunused-variable],vollibfia.f,vollibfia.f
unused_variable,B,1,vollibfia.f,40,22,Unused variable 'mdl' declared at (1) [-Wunused-variable],vollibfia.f,vollibfia.f
unused_variable,B,1,vollibfia.f,72,27,Unused variable 'mht' declared at (1) [-Wunused-variable],vollibfia.f,vollibfia.f
unused_dummy_argument,B,1,vollibfia.f,2,57,Unused dummy argument 'qual' at (1) [-Wunused-dummy-argument],vollibfia.f,vollibfia.f
unused_variable,B,1,vollibfia.f,76,18,Unused variable 'spcd' declared at (1) [-Wunused-variable],vollibfia.f,vollibfia.f
unused_variable,B,1,vollibfia.f,55,35,Unused variable 'spcode' declared at (1) [-Wunused-variable],vollibfia.f,vollibfia.f
unused_variable,B,1,vollibfia.f,44,23,Unused variable 'spec' declared at (1) [-Wunused-variable],vollibfia.f,vollibfia.f
unused_variable,B,1,vollibfia.f,40,30,Unused variable 'species' declared at (1) [-Wunused-variable],vollibfia.f,vollibfia.f
unused_variable,B,1,vollibfia.f,70,17,Unused variable 'spn' declared at (1) [-Wunused-variable],vollibfia.f,vollibfia.f
unused_variable,B,1,vollibfia.f,71,19,Unused variable 'stumpdib' declared at (1) [-Wunused-variable],vollibfia.f,vollibfia.f
unused_variable,B,1,vollibfia.f,71,29,Unused variable 'stumpdob' declared at (1) [-Wunused-variable],vollibfia.f,vollibfia.f
unused_variable,B,1,vollibfia.f,48,43,Unused variable 'tht1' declared at (1) [-Wunused-variable],vollibfia.f,vollibfia.f
unused_variable,B,1,vollibfia.f,50,25,Unused variable 'tipdib' declared at (1) [-Wunused-variable],vollibfia.f,vollibfia.f
unused_variable,B,1,vollibfia.f,50,32,Unused variable 'tiplen' declared at (1) [-Wunused-variable],vollibfia.f,vollibfia.f
unused_variable,B,1,vollibfia.f,54,41,Unused variable 'trim' declared at (1) [-Wunused-variable],vollibfia.f,vollibfia.f
unused_variable,B,1,vollibfia.f,41,27,Unused variable 'var' declared at (1) [-Wunused-variable],vollibfia.f,vollibfia.f
unused_variable,B,1,vollibfia.f,71,36,Unused variable 'volib' declared at (1) [-Wunused-variable],vollibfia.f,vollibfia.f
unused_variable,B,1,vollibfia.f,71,43,Unused variable 'volob' declared at (1) [-Wunused-variable],vollibfia.f,vollibfia.f
unused_variable,B,1,vollibfia.f,75,16,Unused variable 'wf' declared at (1) [-Wunused-variable],vollibfia.f,vollibfia.f
unused_variable,B,1,vollibfia.f,55,46,Unused variable 'wholelogs' declared at (1) [-Wunused-variable],vollibfia.f,vollibfia.f
unused_variable,B,1,vollibfia.f,204,24,Unused variable 'bms' declared at (1) [-Wunused-variable],vollibfia.f,vollibfia.f
unused_variable,B,1,vollibfia.f,183,36,Unused variable 'cr' declared at (1) [-Wunused-variable],vollibfia.f,vollibfia.f
unused_variable,B,1,vollibfia.f,201,14,Unused variable 'dib' declared at (1) [-Wunused-variable],vollibfia.f,vollibfia.f
unused_variable,B,1,vollibfia.f,170,23,Unused variable 'dist' declared at (1) [-Wunused-variable],vollibfia.f,vollibfia.f
unused_variable,B,1,vollibfia.f,201,18,Unused variable 'dob' declared at (1) [-Wunused-variable],vollibfia.f,vollibfia.f
unused_variable,B,1,vollibfia.f,172,24,Unused variable 'eqnum' declared at (1) [-Wunused-variable],vollibfia.f,vollibfia.f
unused_variable,B,1,vollibfia.f,205,26,Unused variable 'forest' declared at (1) [-Wunused-variable],vollibfia.f,vollibfia.f
unused_variable,B,1,vollibfia.f,201,23,Unused variable 'htup' declared at (1) [-Wunused-variable],vollibfia.f,vollibfia.f
unused_variable,B,1,vollibfia.f,195,35,Unused variable 'i' declared at (1) [-Wunused-variable],vollibfia.f,vollibfia.f
unused_variable,B,1,vollibfia.f,195,37,Unused variable 'j' declared at (1) [-Wunused-variable],vollibfia.f,vollibfia.f
unused_variable,B,1,vollibfia.f,182,38,Unused variable 'leftov' declared at (1) [-Wunused-variable],vollibfia.f,vollibfia.f
unused_variable,B,1,vollibfia.f,177,50,Unused variable 'maxlen' declared at (1) [-Wunused-variable],vollibfia.f,vollibfia.f
unused_variable,B,1,vollibfia.f,169,22,Unused variable 'mdl' declared at (1) [-Wunused-variable],vollibfia.f,vollibfia.f
unused_variable,B,1,vollibfia.f,201,27,Unused variable 'mht' declared at (1) [-Wunused-variable],vollibfia.f,vollibfia.f
unused_variable,B,1,vollibfia.f,205,18,Unused variable 'spcd' declared at (1) [-Wunused-variable],vollibfia.f,vollibfia.f
unused_variable,B,1,vollibfia.f,184,35,Unused variable 'spcode' declared at (1) [-Wunused-variable],vollibfia.f,vollibfia.f
unused_variable,B,1,vollibfia.f,173,23,Unused variable 'spec' declared at (1) [-Wunused-variable],vollibfia.f,vollibfia.f
unused_variable,B,1,vollibfia.f,169,30,Unused variable 'species' declared at (1) [-Wunused-variable],vollibfia.f,vollibfia.f
unused_variable,B,1,vollibfia.f,199,17,Unused variable 'spn' declared at (1) [-Wunused-variable],vollibfia.f,vollibfia.f
unused_variable,B,1,vollibfia.f,200,19,Unused variable 'stumpdib' declared at (1) [-Wunused-variable],vollibfia.f,vollibfia.f
unused_variable,B,1,vollibfia.f,200,29,Unused variable 'stumpdob' declared at (1) [-Wunused-variable],vollibfia.f,vollibfia.f
unused_variable,B,1,vollibfia.f,177,43,Unused variable 'tht1' declared at (1) [-Wunused-variable],vollibfia.f,vollibfia.f
unused_variable,B,1,vollibfia.f,179,25,Unused variable 'tipdib' declared at (1) [-Wunused-variable],vollibfia.f,vollibfia.f
unused_variable,B,1,vollibfia.f,179,32,Unused variable 'tiplen' declared at (1) [-Wunused-variable],vollibfia.f,vollibfia.f
unused_variable,B,1,vollibfia.f,183,41,Unused variable 'trim' declared at (1) [-Wunused-variable],vollibfia.f,vollibfia.f
unused_variable,B,1,vollibfia.f,170,27,Unused variable 'var' declared at (1) [-Wunused-variable],vollibfia.f,vollibfia.f
unused_variable,B,1,vollibfia.f,200,36,Unused variable 'volib' declared at (1) [-Wunused-variable],vollibfia.f,vollibfia.f
unused_variable,B,1,vollibfia.f,200,43,Unused variable 'volob' declared at (1) [-Wunused-variable],vollibfia.f,vollibfia.f
unused_variable,B,1,vollibfia.f,204,16,Unused variable 'wf' declared at (1) [-Wunused-variable],vollibfia.f,vollibfia.f
unused_variable,B,1,vollibfia.f,184,46,Unused variable 'wholelogs' declared at (1) [-Wunused-variable],vollibfia.f,vollibfia.f
unused_variable,B,1,vollibfia.f,304,36,Unused variable 'cr' declared at (1) [-Wunused-variable],vollibfia.f,vollibfia.f
unused_variable,B,1,vollibfia.f,322,14,Unused variable 'dib' declared at (1) [-Wunused-variable],vollibfia.f,vollibfia.f
unused_variable,B,1,vollibfia.f,291,23,Unused variable 'dist' declared at (1) [-Wunused-variable],vollibfia.f,vollibfia.f
unused_variable,B,1,vollibfia.f,322,18,Unused variable 'dob' declared at (1) [-Wunused-variable],vollibfia.f,vollibfia.f
unused_variable,B,1,vollibfia.f,293,24,Unused variable 'eqnum' declared at (1) [-Wunused-variable],vollibfia.f,vollibfia.f
unused_variable,B,1,vollibfia.f,322,23,Unused variable 'htup' declared at (1) [-Wunused-variable],vollibfia.f,vollibfia.f
unused_variable,B,1,vollibfia.f,316,35,Unused variable 'i' declared at (1) [-Wunused-variable],vollibfia.f,vollibfia.f
unused_variable,B,1,vollibfia.f,316,37,Unused variable 'j' declared at (1) [-Wunused-variable],vollibfia.f,vollibfia.f
unused_variable,B,1,vollibfia.f,303,38,Unused variable 'leftov' declared at (1) [-Wunused-variable],vollibfia.f,vollibfia.f
unused_variable,B,1,vollibfia.f,298,50,Unused variable 'maxlen' declared at (1) [-Wunused-variable],vollibfia.f,vollibfia.f
unused_variable,B,1,vollibfia.f,290,22,Unused variable 'mdl' declared at (1) [-Wunused-variable],vollibfia.f,vollibfia.f
unused_variable,B,1,vollibfia.f,322,27,Unused variable 'mht' declared at (1) [-Wunused-variable],vollibfia.f,vollibfia.f
unused_variable,B,1,vollibfia.f,305,35,Unused variable 'spcode' declared at (1) [-Wunused-variable],vollibfia.f,vollibfia.f
unused_variable,B,1,vollibfia.f,294,23,Unused variable 'spec' declared at (1) [-Wunused-variable],vollibfia.f,vollibfia.f
unused_variable,B,1,vollibfia.f,290,30,Unused variable 'species' declared at (1) [-Wunused-variable],vollibfia.f,vollibfia.f
unused_variable,B,1,vollibfia.f,320,17,Unused variable 'spn' declared at (1) [-Wunused-variable],vollibfia.f,vollibfia.f
unused_variable,B,1,vollibfia.f,321,19,Unused variable 'stumpdib' declared at (1) [-Wunused-variable],vollibfia.f,vollibfia.f
unused_variable,B,1,vollibfia.f,321,29,Unused variable 'stumpdob' declared at (1) [-Wunused-variable],vollibfia.f,vollibfia.f
unused_variable,B,1,vollibfia.f,298,43,Unused variable 'tht1' declared at (1) [-Wunused-variable],vollibfia.f,vollibfia.f
unused_variable,B,1,vollibfia.f,300,25,Unused variable 'tipdib' declared at (1) [-Wunused-variable],vollibfia.f,vollibfia.f
unused_variable,B,1,vollibfia.f,300,32,Unused variable 'tiplen' declared at (1) [-Wunused-variable],vollibfia.f,vollibfia.f
unused_variable,B,1,vollibfia.f,304,41,Unused variable 'trim' declared at (1) [-Wunused-variable],vollibfia.f,vollibfia.f
unused_variable,B,1,vollibfia.f,291,27,Unused variable 'var' declared at (1) [-Wunused-variable],vollibfia.f,vollibfia.f
unused_variable,B,1,vollibfia.f,321,36,Unused variable 'volib' declared at (1) [-Wunused-variable],vollibfia.f,vollibfia.f
unused_variable,B,1,vollibfia.f,321,43,Unused variable 'volob' declared at (1) [-Wunused-variable],vollibfia.f,vollibfia.f
unused_variable,B,1,vollibfia.f,305,46,Unused variable 'wholelogs' declared at (1) [-Wunused-variable],vollibfia.f,vollibfia.f
unused_variable,B,1,vollibfia.f,439,35,Unused variable 'i' declared at (1) [-Wunused-variable],vollibfia.f,vollibfia.f
unused_variable,B,1,vollibfia.f,439,37,Unused variable 'j' declared at (1) [-Wunused-variable],vollibfia.f,vollibfia.f
unused_variable,B,1,vollibfia.f,426,38,Unused variable 'leftov' declared at (1) [-Wunused-variable],vollibfia.f,vollibfia.f
unused_variable,B,1,vollibfia.f,422,50,Unused variable 'maxlen' declared at (1) [-Wunused-variable],vollibfia.f,vollibfia.f
unused_variable,B,1,vollibfia.f,428,35,Unused variable 'spcode' declared at (1) [-Wunused-variable],vollibfia.f,vollibfia.f
unused_variable,B,1,vollibfia.f,422,43,Unused variable 'tht1' declared at (1) [-Wunused-variable],vollibfia.f,vollibfia.f
unused_variable,B,1,vollibfia.f,427,41,Unused variable 'trim' declared at (1) [-Wunused-variable],vollibfia.f,vollibfia.f
unused_variable,B,1,vollibfia.f,418,27,Unused variable 'var' declared at (1) [-Wunused-variable],vollibfia.f,vollibfia.f
unused_variable,B,1,vollibfia.f,428,46,Unused variable 'wholelogs' declared at (1) [-Wunused-variable],vollibfia.f,vollibfia.f
unused_label,B,1,volumelib.f,68,5,Label 4000 at (1) defined but not used [-Wunused-label],volumelib.f,volumelib.f
unused_dummy_argument,B,1,volumelib.f,5,44,Unused dummy argument 'cdsflg' at (1) [-Wunused-dummy-argument],volumelib.f,volumelib.f
unused_dummy_argument,B,1,volumelib.f,5,37,Unused dummy argument 'cusflg' at (1) [-Wunused-dummy-argument],volumelib.f,volumelib.f
unused_variable,B,1,volumelib.f,34,22,Unused variable 'dist' declared at (1) [-Wunused-variable],volumelib.f,volumelib.f
unused_variable,B,1,volumelib.f,55,37,Unused variable 'i' declared at (1) [-Wunused-variable],volumelib.f,volumelib.f
unused_variable,B,1,volumelib.f,55,39,Unused variable 'j' declared at (1) [-Wunused-variable],volumelib.f,volumelib.f
unused_variable,B,1,volumelib.f,33,21,Unused variable 'mdl' declared at (1) [-Wunused-variable],volumelib.f,volumelib.f
unused_variable,B,1,volumelib.f,38,33,Unused variable 'tht1' declared at (1) [-Wunused-variable],volumelib.f,volumelib.f
unused_dummy_argument,B,1,volumelib.f,4,15,Unused dummy argument 'vol11' at (1) [-Wunused-dummy-argument],volumelib.f,volumelib.f
tab_character,B,1,volumelibrary.f,21,22,Nonconforming tab character at (1) [-Wtabs],volumelibrary.f,volumelibrary.f
tab_character,B,1,volumelibrary.f,303,13,Nonconforming tab character at (1) [-Wtabs],volumelibrary.f,volumelibrary.f
tab_character,B,1,volumelibrary.f,304,13,Nonconforming tab character at (1) [-Wtabs],volumelibrary.f,volumelibrary.f
tab_character,B,1,volumelibrary.f,309,16,Nonconforming tab character at (1) [-Wtabs],volumelibrary.f,volumelibrary.f
tab_character,B,1,volumelibrary.f,317,13,Nonconforming tab character at (1) [-Wtabs],volumelibrary.f,volumelibrary.f
tab_character,B,1,volumelibrary.f,318,12,Nonconforming tab character at (1) [-Wtabs],volumelibrary.f,volumelibrary.f
tab_character,B,1,volumelibrary.f,579,13,Nonconforming tab character at (1) [-Wtabs],volumelibrary.f,volumelibrary.f
tab_character,B,1,volumelibrary.f,580,13,Nonconforming tab character at (1) [-Wtabs],volumelibrary.f,volumelibrary.f
tab_character,B,1,volumelibrary.f,585,16,Nonconforming tab character at (1) [-Wtabs],volumelibrary.f,volumelibrary.f
tab_character,B,1,volumelibrary.f,593,13,Nonconforming tab character at (1) [-Wtabs],volumelibrary.f,volumelibrary.f
tab_character,B,1,volumelibrary.f,594,12,Nonconforming tab character at (1) [-Wtabs],volumelibrary.f,volumelibrary.f
tab_character,B,1,volumelibrary.f,699,13,Nonconforming tab character at (1) [-Wtabs],volumelibrary.f,volumelibrary.f
tab_character,B,1,volumelibrary.f,700,13,Nonconforming tab character at (1) [-Wtabs],volumelibrary.f,volumelibrary.f
tab_character,B,1,volumelibrary.f,705,16,Nonconforming tab character at (1) [-Wtabs],volumelibrary.f,volumelibrary.f
tab_character,B,1,volumelibrary.f,713,13,Nonconforming tab character at (1) [-Wtabs],volumelibrary.f,volumelibrary.f
tab_character,B,1,volumelibrary.f,714,12,Nonconforming tab character at (1) [-Wtabs],volumelibrary.f,volumelibrary.f
tab_character,B,1,volumelibrary.f,829,13,Nonconforming tab character at (1) [-Wtabs],volumelibrary.f,volumelibrary.f
tab_character,B,1,volumelibrary.f,830,13,Nonconforming tab character at (1) [-Wtabs],volumelibrary.f,volumelibrary.f
tab_character,B,1,volumelibrary.f,835,16,Nonconforming tab character at (1) [-Wtabs],volumelibrary.f,volumelibrary.f
tab_character,B,1,volumelibrary.f,843,13,Nonconforming tab character at (1) [-Wtabs],volumelibrary.f,volumelibrary.f
tab_character,B,1,volumelibrary.f,844,12,Nonconforming tab character at (1) [-Wtabs],volumelibrary.f,volumelibrary.f
tab_character,B,1,volumelibrary.f,981,13,Nonconforming tab character at (1) [-Wtabs],volumelibrary.f,volumelibrary.f
tab_character,B,1,volumelibrary.f,982,13,Nonconforming tab character at (1) [-Wtabs],volumelibrary.f,volumelibrary.f
tab_character,B,1,volumelibrary.f,987,16,Nonconforming tab character at (1) [-Wtabs],volumelibrary.f,volumelibrary.f
tab_character,B,1,volumelibrary.f,995,13,Nonconforming tab character at (1) [-Wtabs],volumelibrary.f,volumelibrary.f
tab_character,B,1,volumelibrary.f,996,12,Nonconforming tab character at (1) [-Wtabs],volumelibrary.f,volumelibrary.f
unused_label,B,1,volumelibrary.f,100,5,Label 4000 at (1) defined but not used [-Wunused-label],volumelibrary.f,volumelibrary.f
unused_label,B,1,volumelibrary.f,656,3,Label 999 at (1) defined but not used [-Wunused-label],volumelibrary.f,volumelibrary.f
unused_label,B,1,volumelibrary.f,1326,5,Label 1000 at (1) defined but not used [-Wunused-label],volumelibrary.f,volumelibrary.f
unused_variable,B,1,volumelibrary.f,1169,41,Unused variable 'fiaeq' declared at (1) [-Wunused-variable],volumelibrary.f,volumelibrary.f
unused_variable,B,1,volumelibrary.f,1172,35,Unused variable 'noint' declared at (1) [-Wunused-variable],volumelibrary.f,volumelibrary.f
unused_variable,B,1,volumelibrary.f,322,37,Unused variable 'bdft' declared at (1) [-Wunused-variable],volumelibrary.f,volumelibrary.f
unused_variable,B,1,volumelibrary.f,304,38,Unused variable 'cr' declared at (1) [-Wunused-variable],volumelibrary.f,volumelibrary.f
unused_variable,B,1,volumelibrary.f,290,23,Unused variable 'dist' declared at (1) [-Wunused-variable],volumelibrary.f,volumelibrary.f
unused_variable,B,1,volumelibrary.f,316,40,Unused variable 'i' declared at (1) [-Wunused-variable],volumelibrary.f,volumelibrary.f
unused_variable,B,1,volumelibrary.f,316,42,Unused variable 'j' declared at (1) [-Wunused-variable],volumelibrary.f,volumelibrary.f
unused_variable,B,1,volumelibrary.f,303,40,Unused variable 'leftov' declared at (1) [-Wunused-variable],volumelibrary.f,volumelibrary.f
unused_variable,B,1,volumelibrary.f,298,50,Unused variable 'maxlen' declared at (1) [-Wunused-variable],volumelibrary.f,volumelibrary.f
unused_variable,B,1,volumelibrary.f,289,22,Unused variable 'mdl' declared at (1) [-Wunused-variable],volumelibrary.f,volumelibrary.f
unused_variable,B,1,volumelibrary.f,322,31,Unused variable 'merchcu' declared at (1) [-Wunused-variable],volumelibrary.f,volumelibrary.f
unused_variable,B,1,volumelibrary.f,305,40,Unused variable 'spcode' declared at (1) [-Wunused-variable],volumelibrary.f,volumelibrary.f
unused_variable,B,1,volumelibrary.f,293,23,Unused variable 'spec' declared at (1) [-Wunused-variable],volumelibrary.f,volumelibrary.f
unused_variable,B,1,volumelibrary.f,289,30,Unused variable 'species' declared at (1) [-Wunused-variable],volumelibrary.f,volumelibrary.f
unused_variable,B,1,volumelibrary.f,298,43,Unused variable 'tht1' declared at (1) [-Wunused-variable],volumelibrary.f,volumelibrary.f
unused_variable,B,1,volumelibrary.f,300,25,Unused variable 'tipdib' declared at (1) [-Wunused-variable],volumelibrary.f,volumelibrary.f
unused_variable,B,1,volumelibrary.f,300,32,Unused variable 'tiplen' declared at (1) [-Wunused-variable],volumelibrary.f,volumelibrary.f
unused_variable,B,1,volumelibrary.f,322,22,Unused variable 'totcu' declared at (1) [-Wunused-variable],volumelibrary.f,volumelibrary.f
unused_variable,B,1,volumelibrary.f,304,43,Unused variable 'trim' declared at (1) [-Wunused-variable],volumelibrary.f,volumelibrary.f
unused_variable,B,1,volumelibrary.f,290,27,Unused variable 'var' declared at (1) [-Wunused-variable],volumelibrary.f,volumelibrary.f
unused_variable,B,1,volumelibrary.f,305,51,Unused variable 'wholelogs' declared at (1) [-Wunused-variable],volumelibrary.f,volumelibrary.f
unused_variable,B,1,volumelibrary.f,322,43,Unused variable 'xint' declared at (1) [-Wunused-variable],volumelibrary.f,volumelibrary.f
unused_variable,B,1,volumelibrary.f,41,68,Unused variable 'cdsflg' declared at (1) [-Wunused-variable],volumelibrary.f,volumelibrary.f
unused_variable,B,1,volumelibrary.f,41,60,Unused variable 'cusflg' declared at (1) [-Wunused-variable],volumelibrary.f,volumelibrary.f
unused_variable,B,1,volumelibrary.f,47,26,Unused variable 'dist' declared at (1) [-Wunused-variable],volumelibrary.f,volumelibrary.f
unused_variable,B,1,volumelibrary.f,46,28,Unused variable 'errflg' declared at (1) [-Wunused-variable],volumelibrary.f,volumelibrary.f
unused_dummy_argument,B,1,volumelibrary.f,4,60,Unused dummy argument 'i15' at (1) [-Wunused-dummy-argument],volumelibrary.f,volumelibrary.f
unused_variable,B,1,volumelibrary.f,47,31,Unused variable 'var' declared at (1) [-Wunused-variable],volumelibrary.f,volumelibrary.f
unused_variable,B,1,volumelibrary.f,138,68,Unused variable 'cdsflg' declared at (1) [-Wunused-variable],volumelibrary.f,volumelibrary.f
unused_variable,B,1,volumelibrary.f,138,60,Unused variable 'cusflg' declared at (1) [-Wunused-variable],volumelibrary.f,volumelibrary.f
unused_variable,B,1,volumelibrary.f,144,26,Unused variable 'dist' declared at (1) [-Wunused-variable],volumelibrary.f,volumelibrary.f
unused_variable,B,1,volumelibrary.f,143,28,Unused variable 'errflg' declared at (1) [-Wunused-variable],volumelibrary.f,volumelibrary.f
unused_variable,B,1,volumelibrary.f,144,31,Unused variable 'var' declared at (1) [-Wunused-variable],volumelibrary.f,volumelibrary.f
unused_variable,B,1,volumelibrary.f,192,48,Unused variable 'mtops' declared at (1) [-Wunused-variable],volumelibrary.f,volumelibrary.f
unused_variable,B,1,volumelibrary.f,513,48,Unused variable 'mtops' declared at (1) [-Wunused-variable],volumelibrary.f,volumelibrary.f
unused_variable,B,1,volumelibrary.f,592,35,Unused variable 'i' declared at (1) [-Wunused-variable],volumelibrary.f,volumelibrary.f
unused_variable,B,1,volumelibrary.f,573,43,Unused variable 'iforst' declared at (1) [-Wunused-variable],volumelibrary.f,volumelibrary.f
unused_variable,B,1,volumelibrary.f,592,37,Unused variable 'j' declared at (1) [-Wunused-variable],volumelibrary.f,volumelibrary.f
unused_variable,B,1,volumelibrary.f,567,22,Unused variable 'mdl' declared at (1) [-Wunused-variable],volumelibrary.f,volumelibrary.f
unused_variable,B,1,volumelibrary.f,570,37,Unused variable 'nuleq' declared at (1) [-Wunused-variable],volumelibrary.f,volumelibrary.f
unused_dummy_argument,B,1,volumelibrary.f,544,52,Unused dummy argument 'spec' at (1) [-Wunused-dummy-argument],volumelibrary.f,volumelibrary.f
unused_variable,B,1,volumelibrary.f,567,30,Unused variable 'species' declared at (1) [-Wunused-variable],volumelibrary.f,volumelibrary.f
unused_variable,B,1,volumelibrary.f,576,25,Unused variable 'tipdib' declared at (1) [-Wunused-variable],volumelibrary.f,volumelibrary.f
unused_variable,B,1,volumelibrary.f,576,32,Unused variable 'tiplen' declared at (1) [-Wunused-variable],volumelibrary.f,volumelibrary.f
unused_variable,B,1,volumelibrary.f,570,31,Unused variable 'tmpspec' declared at (1) [-Wunused-variable],volumelibrary.f,volumelibrary.f
unused_variable,B,1,volumelibrary.f,568,27,Unused variable 'var' declared at (1) [-Wunused-variable],volumelibrary.f,volumelibrary.f
unused_variable,B,1,volumelibrary.f,712,35,Unused variable 'i' declared at (1) [-Wunused-variable],volumelibrary.f,volumelibrary.f
unused_variable,B,1,volumelibrary.f,693,43,Unused variable 'iforst' declared at (1) [-Wunused-variable],volumelibrary.f,volumelibrary.f
unused_variable,B,1,volumelibrary.f,712,37,Unused variable 'j' declared at (1) [-Wunused-variable],volumelibrary.f,volumelibrary.f
unused_variable,B,1,volumelibrary.f,687,22,Unused variable 'mdl' declared at (1) [-Wunused-variable],volumelibrary.f,volumelibrary.f
unused_variable,B,1,volumelibrary.f,690,37,Unused variable 'nuleq' declared at (1) [-Wunused-variable],volumelibrary.f,volumelibrary.f
unused_dummy_argument,B,1,volumelibrary.f,660,53,Unused dummy argument 'spec' at (1) [-Wunused-dummy-argument],volumelibrary.f,volumelibrary.f
unused_variable,B,1,volumelibrary.f,687,30,Unused variable 'species' declared at (1) [-Wunused-variable],volumelibrary.f,volumelibrary.f
unused_variable,B,1,volumelibrary.f,696,25,Unused variable 'tipdib' declared at (1) [-Wunused-variable],volumelibrary.f,volumelibrary.f
unused_variable,B,1,volumelibrary.f,696,32,Unused variable 'tiplen' declared at (1) [-Wunused-variable],volumelibrary.f,volumelibrary.f
unused_variable,B,1,volumelibrary.f,690,31,Unused variable 'tmpspec' declared at (1) [-Wunused-variable],volumelibrary.f,volumelibrary.f
unused_variable,B,1,volumelibrary.f,688,27,Unused variable 'var' declared at (1) [-Wunused-variable],volumelibrary.f,volumelibrary.f
unused_variable,B,1,volumelibrary.f,823,43,Unused variable 'iforst' declared at (1) [-Wunused-variable],volumelibrary.f,volumelibrary.f
unused_variable,B,1,volumelibrary.f,817,22,Unused variable 'mdl' declared at (1) [-Wunused-variable],volumelibrary.f,volumelibrary.f
unused_variable,B,1,volumelibrary.f,820,37,Unused variable 'nuleq' declared at (1) [-Wunused-variable],volumelibrary.f,volumelibrary.f
unused_variable,B,1,volumelibrary.f,817,30,Unused variable 'species' declared at (1) [-Wunused-variable],volumelibrary.f,volumelibrary.f
unused_variable,B,1,volumelibrary.f,826,25,Unused variable 'tipdib' declared at (1) [-Wunused-variable],volumelibrary.f,volumelibrary.f
unused_variable,B,1,volumelibrary.f,826,32,Unused variable 'tiplen' declared at (1) [-Wunused-variable],volumelibrary.f,volumelibrary.f
unused_variable,B,1,volumelibrary.f,820,31,Unused variable 'tmpspec' declared at (1) [-Wunused-variable],volumelibrary.f,volumelibrary.f
unused_variable,B,1,volumelibrary.f,818,27,Unused variable 'var' declared at (1) [-Wunused-variable],volumelibrary.f,volumelibrary.f
unused_variable,B,1,volumelibrary.f,975,43,Unused variable 'iforst' declared at (1) [-Wunused-variable],volumelibrary.f,volumelibrary.f
unused_variable,B,1,volumelibrary.f,969,22,Unused variable 'mdl' declared at (1) [-Wunused-variable],volumelibrary.f,volumelibrary.f
unused_variable,B,1,volumelibrary.f,972,37,Unused variable 'nuleq' declared at (1) [-Wunused-variable],volumelibrary.f,volumelibrary.f
unused_variable,B,1,volumelibrary.f,969,30,Unused variable 'species' declared at (1) [-Wunused-variable],volumelibrary.f,volumelibrary.f
unused_variable,B,1,volumelibrary.f,978,25,Unused variable 'tipdib' declared at (1) [-Wunused-variable],volumelibrary.f,volumelibrary.f
unused_variable,B,1,volumelibrary.f,978,32,Unused variable 'tiplen' declared at (1) [-Wunused-variable],volumelibrary.f,volumelibrary.f
unused_variable,B,1,volumelibrary.f,972,31,Unused variable 'tmpspec' declared at (1) [-Wunused-variable],volumelibrary.f,volumelibrary.f
unused_variable,B,1,volumelibrary.f,970,27,Unused variable 'var' declared at (1) [-Wunused-variable],volumelibrary.f,volumelibrary.f
unused_variable,B,1,volumelibrary.f,1303,68,Unused variable 'cdsflg' declared at (1) [-Wunused-variable],volumelibrary.f,volumelibrary.f
unused_variable,B,1,volumelibrary.f,1303,60,Unused variable 'cusflg' declared at (1) [-Wunused-variable],volumelibrary.f,volumelibrary.f
unused_variable,B,1,volumelibrary.f,1309,26,Unused variable 'dist' declared at (1) [-Wunused-variable],volumelibrary.f,volumelibrary.f
unused_variable,B,1,volumelibrary.f,1308,28,Unused variable 'errflg' declared at (1) [-Wunused-variable],volumelibrary.f,volumelibrary.f
unused_variable,B,1,volumelibrary.f,1309,31,Unused variable 'var' declared at (1) [-Wunused-variable],volumelibrary.f,volumelibrary.f
uninitialized,A,3,volumelibrary.f,325,9,'iforst' is used uninitialized [-Wuninitialized],volumelibrary.f,volumelibrary.f
